{
    "dams": [
        {
            "final_vol": 46895.312438347675,
            "flow_limit": {
                "exists": false
            },
            "flow_max": 14.15,
            "id": "dam1",
            "initial_lags": [
                8.957227131428569,
                8.935382782857143
            ],
            "initial_vol": 62543.330722925486,
            "order": 1,
            "relevant_lags": [
                1,
                2
            ],
            "shutdown_flows": [
                1.428571429,
                5.952380952
            ],
            "starting_flows": [
                7.286339169206348,
                7.018041186984126,
                5.943277782539682,
                5.584289884126984,
                5.512588743174603,
                6.8622722015873014,
                6.8524582276190475,
                7.099522181269841,
                7.450792857460318,
                7.842564234285714,
                8.402798849206349,
                9.15465466952381,
                9.322289664126984,
                9.259671165714286,
                9.290553925396825,
                9.117681896825397
            ],
            "startup_flows": [
                1.428571429,
                7.619047619
            ],
            "turbined_flow": {
                "observed_flows": [
                    0.0,
                    1.43,
                    2.82,
                    4.98,
                    5.95,
                    7.62,
                    9.4,
                    13.66,
                    15.24
                ],
                "observed_powers": [
                    0.0,
                    0.0,
                    0.4,
                    1.79,
                    2.14,
                    2.35,
                    3.38,
                    4.6,
                    4.6
                ]
            },
            "unregulated_flow_max": 14.670018869093832,
            "unregulated_flows": [
                2.4272023369967957,
                2.4272023369967957,
                2.4272023369967957,
                2.4272023369967957,
                2.4272023369967957,
                2.4272023369967957,
                2.4272023369967957,
                2.4272023369967957,
                2.4272023369967957,
                2.4272023369967957,
                2.4272023369967957,
                2.4272023369967957,
                2.4272023369967957,
                2.4272023369967957,
                2.4272023369967957,
                2.4272023369967957,
                3.0994510382114093,
                3.0994510382114093,
                3.0994510382114093,
                3.0994510382114093,
                3.0994510382114093,
                3.0994510382114093,
                3.0994510382114093,
                3.0994510382114093,
                3.0994510382114093,
                3.0994510382114093,
                3.0994510382114093,
                3.0994510382114093,
                3.0994510382114093,
                3.0994510382114093,
                3.0994510382114093,
                3.0994510382114093,
                3.0994510382114093,
                3.0994510382114093,
                3.0994510382114093,
                3.0994510382114093,
                3.0994510382114093,
                3.0994510382114093,
                3.0994510382114093,
                3.0994510382114093,
                3.0994510382114093,
                3.0994510382114093,
                3.0994510382114093,
                3.0994510382114093,
                3.0994510382114093,
                3.0994510382114093,
                3.0994510382114093,
                3.0994510382114093,
                3.0994510382114093,
                3.0994510382114093,
                3.0994510382114093,
                3.0994510382114093,
                3.0994510382114093,
                3.0994510382114093,
                3.0994510382114093,
                3.0994510382114093,
                3.0994510382114093,
                3.0994510382114093,
                3.0994510382114093,
                3.0994510382114093,
                3.0994510382114093,
                3.0994510382114093,
                3.0994510382114093,
                3.0994510382114093,
                3.0994510382114093,
                3.0994510382114093,
                3.0994510382114093,
                3.0994510382114093,
                3.0994510382114093,
                3.0994510382114093,
                3.0994510382114093,
                3.0994510382114093,
                3.0994510382114093,
                3.0994510382114093,
                3.0994510382114093,
                3.0994510382114093,
                3.0994510382114093,
                3.0994510382114093,
                3.0994510382114093,
                3.0994510382114093,
                3.0994510382114093,
                3.0994510382114093,
                3.0994510382114093,
                3.0994510382114093,
                3.0994510382114093,
                3.0994510382114093,
                3.0994510382114093,
                3.0994510382114093,
                3.0994510382114093,
                3.0994510382114093,
                3.0994510382114093,
                3.0994510382114093,
                3.0994510382114093,
                3.0994510382114093,
                3.0994510382114093,
                3.0994510382114093,
                3.0994510382114093,
                3.0994510382114093,
                3.0994510382114093,
                3.0994510382114093,
                3.0994510382114093,
                3.0994510382114093,
                3.0994510382114093,
                3.0994510382114093,
                3.0994510382114093,
                3.0994510382114093,
                3.0994510382114093,
                3.0994510382114093,
                3.0994510382114093,
                3.0994510382114093,
                3.0994510382114093,
                3.0994510382114093,
                2.9871676947844596,
                2.9871676947844596,
                2.9871676947844596,
                2.9871676947844596,
                2.9871676947844596,
                2.9871676947844596,
                2.9871676947844596,
                2.9871676947844596,
                2.9871676947844596,
                2.9871676947844596,
                2.9871676947844596,
                2.9871676947844596,
                2.9871676947844596,
                2.9871676947844596,
                2.9871676947844596,
                2.9871676947844596,
                2.9871676947844596,
                2.9871676947844596,
                2.9871676947844596
            ],
            "verification_lags": [
                1
            ],
            "vol_max": 70882.0,
            "vol_min": 34045.0
        },
        {
            "final_vol": 58343.0,
            "flow_limit": {
                "exists": true,
                "observed_flows": [
                    0.424,
                    4.571,
                    8.062,
                    12.138,
                    16.186,
                    19.048,
                    19.048
                ],
                "observed_vols": [
                    0.0,
                    23810.0,
                    48371.0,
                    71429.0,
                    95238.0,
                    110476.0,
                    114286.0
                ]
            },
            "flow_max": 11.27,
            "id": "dam2",
            "initial_lags": [
                10.777827109429683,
                10.712975425728892,
                10.805545600193176,
                10.946049493388571,
                10.723223136636033,
                10.87423221616524
            ],
            "initial_vol": 64345.14056509104,
            "order": 2,
            "relevant_lags": [
                3,
                4,
                5,
                6
            ],