{
    "dams": [
        {
            "final_vol": 70882.0,
            "flow_limit": {
                "exists": false
            },
            "flow_max": 14.15,
            "id": "dam1",
            "initial_lags": [
                7.983554900634921,
                8.407632494603174
            ],
            "initial_vol": 50330.06217142708,
            "order": 1,
            "relevant_lags": [
                1,
                2
            ],
            "shutdown_flows": [
                1.428571429,
                5.952380952
            ],
            "starting_flows": [
                8.14406410095238,
                8.13844172126984,
                7.982621268571428,
                8.133528089206347,
                7.953271896507935,
                7.966750856507937,
                7.829429384126984,
                8.124542963492063,
                8.19301369142857,
                8.232036892698412,
                8.373907361269842,
                8.435121021587301,
                8.591790577460317,
                8.65738369142857,
                8.445058671428571,
                8.289348541587302
            ],
            "startup_flows": [
                1.428571429,
                7.619047619
            ],
            "turbined_flow": {
                "observed_flows": [
                    0.0,
                    1.43,
                    2.82,
                    4.98,
                    5.95,
                    7.62,
                    9.4,
                    13.66,
                    15.24
                ],
                "observed_powers": [
                    0.0,
                    0.0,
                    0.4,
                    1.79,
                    2.14,
                    2.35,
                    3.38,
                    4.6,
                    4.6
                ]
            },
            "unregulated_flow_max": 14.670018869093832,
            "unregulated_flows": [
                0.0,
                0.0,
                0.0,
                0.0,
                0.0,
                0.0,
                0.0,
                0.0,
                0.0,
                0.0,
                0.0,
                0.0,
                0.0,
                0.0,
                0.0,
                0.0,
                0.0,
                0.0,
                0.0,
                0.0,
                0.0,
                0.0,
                0.0,
                0.0,
                0.0,
                0.0,
                0.0,
                0.0,
                0.0,
                0.0,
                0.0,
                0.0,
                0.0,
                0.0,
                0.0,
                0.0,
                0.0,
                0.0,
                0.0,
                0.0,
                0.0,
                0.0,
                0.0,
                0.0,
                0.0,
                0.0,
                0.0,
                0.0,
                0.0,
                0.0,
                0.0,
                0.0,
                0.0,
                0.0,
                0.0,
                0.0,
                0.0,
                0.0,
                0.0,
                0.0,
                0.0,
                0.0,
                0.0,
                0.0,
                0.0,
                0.0,
                0.0,
                0.0,
                0.0,
                0.0,
                0.0,
                0.0,
                0.0,
                0.0,
                0.0,
                0.0,
                0.0,
                0.0,
                0.0,
                0.0,
                0.0,
                0.0,
                0.0,
                0.0,
                0.0,
                0.0,
                0.0,
                0.0,
                0.0,
                0.0,
                0.0,
                0.0,
                0.0,
                0.0,
                0.0,
                0.0,
                0.0,
                0.0,
                0.0,
                0.0,
                0.0,
                0.0,
                0.0,
                0.0,
                0.0,
                0.0,
                0.0,
                0.0,
                0.0,
                0.0,
                0.0,
                0.0,
                0.0,
                0.0,
                0.0,
                0.0,
                0.0,
                0.0,
                0.0,
                0.0,
                0.0,
                0.0,
                0.0,
                0.0,
                0.0,
                0.0,
                0.0,
                0.0,
                0.0,
                0.0,
                0.0
            ],
            "verification_lags": [
                1
            ],
            "vol_max": 70882.0,
            "vol_min": 34045.0
        },
        {
            "final_vol": 58343.0,
            "flow_limit": {
                "exists": true,
                "observed_flows": [
                    0.424,
                    4.571,
                    8.062,
                    12.138,
                    16.186,
                    19.048,
                    19.048
                ],
                "observed_vols": [
                    0.0,
                    23810.0,
                    48371.0,
                    71429.0,
                    95238.0,
                    110476.0,
                    114286.0
                ]
            },
            "flow_max": 11.27,
            "id": "dam2",
            "initial_lags": [
                11.26835551638333,
                11.26835551638333,
                11.26835551638333,
                11.26835551638333,
                11.26835551638333,
                11.243949434231109
            ],
            "initial_vol": 66605.13417620368,
            "order": 2,
            "relevant_lags": [
                3,
                4,
                5,
                6
            ],
            "shutdown_flows": [
                2.423809524,
                4.519047619,
                7.285714286
            ],
            "starting_flows": [
                10.438483345169361,
                10.49243605658968,
                10.532995250238251,
                10.583779436373966,
                10.651686053259363,
                10.70613856991968,
                10.764153397811267,
                10.798337676857301,
                10.836016111874601,
                10.880614703574444,
                10.908090864524603,
                10.952825766744443,
                11.00455655371349,
                11.066792527016348,
                11.184768394112854,
                11.26835551638333
            ],
            "startup_flows": [
                2.423809524,
                5.114285714,
                8.038095238
            ],
            "turbined_flow": {
                "observed_flows": [
                    0.0,
                    2.42,
                    4.52,
                    5.11,
                    7.29,
                    8.04,
                    11.28,
                    11.43
                ],
                "observed_powers": [
                    0.0,
                    0.0,
                    3.48,
                    3.48,
                    5.6,
                    5.6,
                    8.48,
                    8.48
                ]
            },
            "unregulated_flow_max": 5.701345855787728,