{
    "dams": [
        {
            "final_vol": 70882.0,
            "flow_limit": {
                "exists": false
            },
            "flow_max": 14.15,
            "id": "dam1",
            "initial_lags": [
                5.88538851047619,
                6.000634934920635
            ],
            "initial_vol": 53034.00605523449,
            "order": 1,
            "relevant_lags": [
                1,
                2
            ],
            "shutdown_flows": [
                1.428571429,
                5.952380952
            ],
            "starting_flows": [
                5.196589454920634,
                4.994403204126984,
                4.878593475301587,
                4.676227751396826,
                4.676220696825396,
                4.8780198473333325,
                5.132559034222222,
                5.590211958730158,
                5.809808004761905,
                5.727232312063491,
                5.565415306349206,
                5.1030979158730165,
                5.319620404444445,
                5.207959311428571,
                5.359562041587301,
                5.938190974603174
            ],
            "startup_flows": [
                1.428571429,
                7.619047619
            ],
            "turbined_flow": {
                "observed_flows": [
                    0.0,
                    1.43,
                    2.82,
                    4.98,
                    5.95,
                    7.62,
                    9.4,
                    13.66,
                    15.24
                ],
                "observed_powers": [
                    0.0,
                    0.0,
                    0.4,
                    1.79,
                    2.14,
                    2.35,
                    3.38,
                    4.6,
                    4.6
                ]
            },
            "unregulated_flow_max": 14.670018869093832,
            "unregulated_flows": [
                0.4428545557290795,
                0.4428545557290795,
                0.4428545557290795,
                0.4428545557290795,
                0.4428545557290795,
                0.4428545557290795,
                0.4428545557290795,
                0.4428545557290795,
                0.4428545557290795,
                0.4428545557290795,
                0.4428545557290795,
                0.4428545557290795,
                0.4428545557290795,
                0.4428545557290795,
                0.4428545557290795,
                0.4428545557290795,
                1.416622192684539,
                1.416622192684539,
                1.416622192684539,
                1.416622192684539,
                1.416622192684539,
                1.416622192684539,
                1.416622192684539,
                1.416622192684539,
                1.416622192684539,
                1.416622192684539,
                1.416622192684539,
                1.416622192684539,
                1.416622192684539,
                1.416622192684539,
                1.416622192684539,
                1.416622192684539,
                1.416622192684539,
                1.416622192684539,
                1.416622192684539,
                1.416622192684539,
                1.416622192684539,
                1.416622192684539,
                1.416622192684539,
                1.416622192684539,
                1.416622192684539,
                1.416622192684539,
                1.416622192684539,
                1.416622192684539,
                1.416622192684539,
                1.416622192684539,
                1.416622192684539,
                1.416622192684539,
                1.416622192684539,
                1.416622192684539,
                1.416622192684539,
                1.416622192684539,
                1.416622192684539,
                1.416622192684539,
                1.416622192684539,
                1.416622192684539,
                1.416622192684539,
                1.416622192684539,
                1.416622192684539,
                1.416622192684539,
                1.416622192684539,
                1.416622192684539,
                1.416622192684539,
                1.416622192684539,
                1.416622192684539,
                1.416622192684539,
                1.416622192684539,
                1.416622192684539,
                1.416622192684539,
                1.416622192684539,
                1.416622192684539,
                1.416622192684539,
                1.416622192684539,
                1.416622192684539,
                1.416622192684539,
                1.416622192684539,
                1.416622192684539,
                1.416622192684539,
                1.416622192684539,
                1.416622192684539,
                1.416622192684539,
                1.416622192684539,
                1.416622192684539,
                1.416622192684539,
                1.416622192684539,
                1.416622192684539,
                1.416622192684539,
                1.416622192684539,
                1.416622192684539,
                1.416622192684539,
                1.416622192684539,
                1.416622192684539,
                1.416622192684539,
                1.416622192684539,
                1.416622192684539,
                1.416622192684539,
                1.416622192684539,
                1.416622192684539,
                1.416622192684539,
                1.416622192684539,
                1.416622192684539,
                1.416622192684539,
                1.416622192684539,
                1.416622192684539,
                1.416622192684539,
                1.416622192684539,
                1.416622192684539,
                1.416622192684539,
                1.416622192684539,
                1.416622192684539,
                1.416622192684539,
                1.416622192684539,
                0.7652059862276268,
                0.7652059862276268,
                0.7652059862276268,
                0.7652059862276268,
                0.7652059862276268,
                0.7652059862276268,
                0.7652059862276268,
                0.7652059862276268,
                0.7652059862276268,
                0.7652059862276268,
                0.7652059862276268,
                0.7652059862276268,
                0.7652059862276268,
                0.7652059862276268,
                0.7652059862276268,
                0.7652059862276268,
                0.7652059862276268,
                0.7652059862276268,
                0.7652059862276268
            ],
            "verification_lags": [
                1
            ],
            "vol_max": 70882.0,
            "vol_min": 34045.0
        },
        {
            "final_vol": 52395.26843380952,
            "flow_limit": {
                "exists": true,
                "observed_flows": [
                    0.424,
                    4.571,
                    8.062,
                    12.138,
                    16.186,
                    19.048,
                    19.048
                ],
                "observed_vols": [
                    0.0,
                    23810.0,
                    48371.0,
                    71429.0,
                    95238.0,
                    110476.0,
                    114286.0
                ]
            },
            "flow_max": 11.27,
            "id": "dam2",
            "initial_lags": [
                6.773957234948573,
                6.76291886005016,
                6.724276975099049,
                6.702245662142224,
                6.677500192300795,
                6.6527925864927
            ],
            "initial_vol": 39206.11955523916,
            "order": 2,
            "relevant_lags": [
                3,
                4,
                5,
                6
            ],