{
    "dams": [
        {
            "final_vol": 54892.70069085174,
            "flow_limit": {
                "exists": false
            },
            "flow_max": 14.15,
            "id": "dam1",
            "initial_lags": [
                3.0581488685079363,
                3.0743267663873013
            ],
            "initial_vol": 56985.96932285311,
            "order": 1,
            "relevant_lags": [
                1,
                2
            ],
            "shutdown_flows": [
                1.428571429,
                5.952380952
            ],
            "starting_flows": [
                3.0878942579999995,
                3.048793505015873,
                2.991656818063492,
                2.9081121020317457,
                2.8245454212486774,
                2.7497186660211637,
                2.647266312222222,
                2.700691677269841,
                2.666351530190476,
                2.7512456953968254,
                2.8424654158095235,
                2.884682231428571,
                2.857353558613757,
                2.9347340265291,
                2.966097241301587,
                3.062257297428571
            ],
            "startup_flows": [
                1.428571429,
                7.619047619
            ],
            "turbined_flow": {
                "observed_flows": [
                    0.0,
                    1.43,
                    2.82,
                    4.98,
                    5.95,
                    7.62,
                    9.4,
                    13.66,
                    15.24
                ],
                "observed_powers": [
                    0.0,
                    0.0,
                    0.4,
                    1.79,
                    2.14,
                    2.35,
                    3.38,
                    4.6,
                    4.6
                ]
            },
            "unregulated_flow_max": 14.670018869093832,
            "unregulated_flows": [
                0.0,
                0.0,
                0.0,
                0.0,
                0.0,
                0.0,
                0.0,
                0.0,
                0.0,
                0.0,
                0.0,
                0.0,
                0.0,
                0.0,
                0.0,
                0.0,
                0.0,
                0.0,
                0.0,
                0.0,
                0.0,
                0.0,
                0.0,
                0.0,
                0.0,
                0.0,
                0.0,
                0.0,
                0.0,
                0.0,
                0.0,
                0.0,
                0.0,
                0.0,
                0.0,
                0.0,
                0.0,
                0.0,
                0.0,
                0.0,
                0.0,
                0.0,
                0.0,
                0.0,
                0.0,
                0.0,
                0.0,
                0.0,
                0.0,
                0.0,
                0.0,
                0.0,
                0.0,
                0.0,
                0.0,
                0.0,
                0.0,
                0.0,
                0.0,
                0.0,
                0.0,
                0.0,
                0.0,
                0.0,
                0.0,
                0.0,
                0.0,
                0.0,
                0.0,
                0.0,
                0.0,
                0.0,
                0.0,
                0.0,
                0.0,
                0.0,
                0.0,
                0.0,
                0.0,
                0.0,
                0.0,
                0.0,
                0.0,
                0.0,
                0.0,
                0.0,
                0.0,
                0.0,
                0.0,
                0.0,
                0.0,
                0.0,
                0.0,
                0.0,
                0.0,
                0.0,
                0.0,
                0.0,
                0.0,
                0.0,
                0.0,
                0.0,
                0.0,
                0.0,
                0.0,
                0.0,
                0.0,
                0.0,
                0.0,
                0.0,
                0.0,
                0.0,
                0.0,
                0.0,
                0.0,
                0.0,
                0.0,
                0.0,
                0.0,
                0.0,
                0.0,
                0.0,
                0.0,
                0.0,
                0.0,
                0.0,
                0.0,
                0.0,
                0.0,
                0.0,
                0.0
            ],
            "verification_lags": [
                1
            ],
            "vol_max": 70882.0,
            "vol_min": 34045.0
        },
        {
            "final_vol": 17331.26266999951,
            "flow_limit": {
                "exists": true,
                "observed_flows": [
                    0.424,
                    4.571,
                    8.062,
                    12.138,
                    16.186,
                    19.048,
                    19.048
                ],
                "observed_vols": [
                    0.0,
                    23810.0,
                    48371.0,
                    71429.0,
                    95238.0,
                    110476.0,
                    114286.0
                ]
            },
            "flow_max": 11.27,
            "id": "dam2",
            "initial_lags": [
                2.9145864650368254,
                2.9203889384306345,
                2.9165206228347618,
                2.9203889384306345,
                2.918454780632698,
                2.9165206228347618
            ],
            "initial_vol": 17726.976955714395,
            "order": 2,
            "relevant_lags": [
                3,
                4,
                5,
                6
            ],
            "shutdown_flows": [
                2.423809524,
                4.519047619,
                7.285714286
            ],
            "starting_flows": [
                2.864411954390476,
                2.874044879346825,
                2.8894575592769836,
                2.8913841442682533,
                2.906849833845079,
                2.908783991643016,
                2.9165206228347618,
                2.9223230962285713,
                2.9223230962285713,
                2.918454780632698,
                2.9203889384306345,
                2.9203889384306345,
                2.9223230962285713,
                2.9165206228347618,
                2.9126523072388886,
                2.9107181494409518
            ],
            "startup_flows": [
                2.423809524,
                5.114285714,
                8.038095238
            ],
            "turbined_flow": {
                "observed_flows": [
                    0.0,
                    2.42,
                    4.52,
                    5.11,
                    7.29,
                    8.04,
                    11.28,
                    11.43
                ],
                "observed_powers": [
                    0.0,
                    0.0,
                    3.48,
                    3.48,
                    5.6,
                    5.6,
                    8.48,
                    8.48
                ]
            },
            "unregulated_flow_max": 5.701345855787728,