{
    "dams": [
        {
            "final_vol": 43161.604236191124,
            "flow_limit": {
                "exists": false
            },
            "flow_max": 14.15,
            "id": "dam1",
            "initial_lags": [
                3.8941403040317457,
                3.811115643365079
            ],
            "initial_vol": 46900.3463501559,
            "order": 1,
            "relevant_lags": [
                1,
                2
            ],
            "shutdown_flows": [
                1.428571429,
                5.952380952
            ],
            "starting_flows": [
                3.9380230978730157,
                3.9811064099682536,
                3.6939242227301583,
                3.500927773650793,
                3.3275230649841263,
                3.0770279565714285,
                2.8669493085079365,
                2.7560499129841274,
                3.004246113777777,
                3.0567779389523806,
                3.2978739359682536,
                3.4410180440317455,
                3.623029739111111,
                3.6524445064761903,
                3.88933433047619,
                3.9783608875873013
            ],
            "startup_flows": [
                1.428571429,
                7.619047619
            ],
            "turbined_flow": {
                "observed_flows": [
                    0.0,
                    1.43,
                    2.82,
                    4.98,
                    5.95,
                    7.62,
                    9.4,
                    13.66,
                    15.24
                ],
                "observed_powers": [
                    0.0,
                    0.0,
                    0.4,
                    1.79,
                    2.14,
                    2.35,
                    3.38,
                    4.6,
                    4.6
                ]
            },
            "unregulated_flow_max": 14.670018869093832,
            "unregulated_flows": [
                0.0,
                0.0,
                0.0,
                0.0,
                0.0,
                0.0,
                0.0,
                0.0,
                0.0,
                0.0,
                0.0,
                0.0,
                0.0,
                0.0,
                0.0,
                0.0,
                0.0,
                0.0,
                0.0,
                0.0,
                0.0,
                0.0,
                0.0,
                0.0,
                0.0,
                0.0,
                0.0,
                0.0,
                0.0,
                0.0,
                0.0,
                0.0,
                0.0,
                0.0,
                0.0,
                0.0,
                0.0,
                0.0,
                0.0,
                0.0,
                0.0,
                0.0,
                0.0,
                0.0,
                0.0,
                0.0,
                0.0,
                0.0,
                0.0,
                0.0,
                0.0,
                0.0,
                0.0,
                0.0,
                0.0,
                0.0,
                0.0,
                0.0,
                0.0,
                0.0,
                0.0,
                0.0,
                0.0,
                0.0,
                0.0,
                0.0,
                0.0,
                0.0,
                0.0,
                0.0,
                0.0,
                0.0,
                0.0,
                0.0,
                0.0,
                0.0,
                0.0,
                0.0,
                0.0,
                0.0,
                0.0,
                0.0,
                0.0,
                0.0,
                0.0,
                0.0,
                0.0,
                0.0,
                0.0,
                0.0,
                0.0,
                0.0,
                0.0,
                0.0,
                0.0,
                0.0,
                0.0,
                0.0,
                0.0,
                0.0,
                0.0,
                0.0,
                0.0,
                0.0,
                0.0,
                0.0,
                0.0,
                0.0,
                0.0,
                0.0,
                0.0,
                0.0,
                0.0,
                0.0,
                0.0,
                0.0,
                0.0,
                0.0,
                0.0,
                0.0,
                0.0,
                0.0,
                0.0,
                0.0,
                0.0,
                0.0,
                0.0,
                0.0,
                0.0,
                0.0,
                0.0
            ],
            "verification_lags": [
                1
            ],
            "vol_max": 70882.0,
            "vol_min": 34045.0
        },
        {
            "final_vol": 22792.81203238095,
            "flow_limit": {
                "exists": true,
                "observed_flows": [
                    0.424,
                    4.571,
                    8.062,
                    12.138,
                    16.186,
                    19.048,
                    19.048
                ],
                "observed_vols": [
                    0.0,
                    23810.0,
                    48371.0,
                    71429.0,
                    95238.0,
                    110476.0,
                    114286.0
                ]
            },
            "flow_max": 11.27,
            "id": "dam2",
            "initial_lags": [
                3.31390110210873,
                3.3098207479261896,
                3.3118609250174598,
                3.3077881436415866,
                3.3118609250174598,
                3.3241019875650792
            ],
            "initial_vol": 20275.39841190476,
            "order": 2,
            "relevant_lags": [
                3,
                4,
                5,
                6
            ],
            "shutdown_flows": [
                2.423809524,
                4.519047619,
                7.285714286
            ],
            "starting_flows": [
                3.3098283207328563,
                3.338390800010635,
                3.375265443786825,
                3.4122839708896815,
                3.4474062042279363,
                3.4847503620174605,
                3.4930625265158723,
                3.4764381975190477,
                3.4618994824534925,
                3.44533573591,
                3.4267242394685713,
                3.401969493333332,
                3.3773056208780945,
                3.3486144038869847,
                3.338383227203969,
                3.315941279199999
            ],
            "startup_flows": [
                2.423809524,
                5.114285714,
                8.038095238
            ],
            "turbined_flow": {
                "observed_flows": [
                    0.0,
                    2.42,
                    4.52,
                    5.11,
                    7.29,
                    8.04,
                    11.28,
                    11.43
                ],
                "observed_powers": [
                    0.0,
                    0.0,
                    3.48,
                    3.48,
                    5.6,
                    5.6,
                    8.48,
                    8.48
                ]
            },
            "unregulated_flow_max": 5.701345855787728,