{
    "dams": [
        {
            "flows": [
                1.43,
                1.43,
                1.43,
                1.43,
                1.43,
                1.43,
                1.43,
                1.43,
                1.43,
                1.43,
                1.43,
                1.43,
                1.43,
                1.43,
                1.43,
                1.43,
                1.43,
                1.43,
                1.43,
                1.43,
                1.43,
                1.43,
                1.43,
                1.43,
                1.43,
                1.43,
                1.43,
                1.43,
                1.43,
                1.43,
                1.43,
                1.43,
                1.43,
                1.43,
                1.43,
                1.43,
                1.43,
                1.43,
                1.43,
                1.43,
                1.43,
                1.43,
                1.43,
                1.43,
                1.43,
                1.43,
                1.43,
                1.43,
                4.5137499999999875,
                4.5137499999999875,
                4.5137499999999875,
                4.5137499999999875,
                4.98,
                4.98,
                4.98,
                4.98,
                4.98,
                1.43,
                1.43,
                1.43,
                1.43,
                1.43,
                1.43,
                1.43,
                1.43,
                1.43,
                1.43,
                1.43,
                1.43,
                1.43,
                1.43,
                1.43,
                1.43,
                1.43,
                1.43,
                1.43,
                1.43,
                1.43,
                1.43,
                1.43,
                1.43,
                1.43,
                1.43,
                1.43,
                0.0,
                0.0,
                0.0,
                0.0,
                0.0,
                0.0,
                0.0,
                0.0,
                0.0,
                0.0,
                0.0,
                0.0,
                13.66,
                13.66,
                13.66
            ],
            "id": "dam1",
            "power": [
                0.5598138867111259,
                0.2385459364028776,
                0.0,
                0.0,
                0.0,
                0.0,
                0.0,
                0.0,
                0.0,
                0.0,
                0.0,
                0.0,
                0.0,
                0.0,
                0.0,
                0.0,
                0.0,
                0.0,
                0.0,
                0.0,
                0.0,
                0.0,
                0.0,
                0.0,
                0.0,
                0.0,
                0.0,
                0.0,
                0.0,
                0.0,
                0.0,
                0.0,
                0.0,
                0.0,
                0.0,
                0.0,
                0.0,
                0.0,
                0.0,
                0.0,
                0.0,
                0.0,
                0.0,
                0.0,
                0.0,
                0.0,
                0.0,
                0.0,
                0.0,
                0.49773437499999595,
                1.4899594907407325,
                1.489959490740736,
                1.4899594907407325,
                1.6399797453703664,
                1.79,
                1.79,
                1.79,
                1.79,
                0.6477546296296297,
                0.0,
                0.0,
                0.0,
                0.0,
                0.0,
                0.0,
                0.0,
                0.0,
                0.0,
                0.0,
                0.0,
                0.0,
                0.0,
                0.0,
                0.0,
                0.0,
                0.0,
                0.0,
                0.0,
                0.0,
                0.0,
                0.0,
                0.0,
                0.0,
                0.0,
                0.0,
                0.0,
                0.0,
                0.0,
                0.0,
                0.0,
                0.0,
                0.0,
                0.0,
                0.0,
                0.0,
                0.0,
                0.0,
                2.2506586826347306,
                4.6
            ],