{
    "dams": [
        {
            "final_vol": 70882.0,
            "flow_limit": {
                "exists": false
            },
            "flow_max": 14.15,
            "id": "dam1",
            "initial_lags": [
                5.196589454920634,
                4.994403204126984
            ],
            "initial_vol": 49294.945543620626,
            "order": 1,
            "relevant_lags": [
                1,
                2
            ],
            "shutdown_flows": [
                1.428571429,
                5.952380952
            ],
            "startup_flows": [
                1.428571429,
                7.619047619
            ],
            "turbined_flow": {
                "observed_flows": [
                    0.0,
                    1.43,
                    2.82,
                    4.98,
                    5.95,
                    7.62,
                    9.4,
                    13.66,
                    15.24
                ],
                "observed_powers": [
                    0.0,
                    0.0,
                    0.4,
                    1.79,
                    2.14,
                    2.35,
                    3.38,
                    4.6,
                    4.6
                ]
            },
            "unregulated_flow_max": 14.670018869093832,
            "unregulated_flows": [
                1.416622192684539,
                1.416622192684539,
                1.416622192684539,
                1.416622192684539,
                1.416622192684539,
                1.416622192684539,
                1.416622192684539,
                1.416622192684539,
                1.416622192684539,
                1.416622192684539,
                1.416622192684539,
                1.416622192684539,
                1.416622192684539,
                1.416622192684539,
                1.416622192684539,
                1.416622192684539,
                1.416622192684539,
                1.416622192684539,
                1.416622192684539,
                1.416622192684539,
                1.416622192684539,
                1.416622192684539,
                1.416622192684539,
                1.416622192684539,
                1.416622192684539,
                1.416622192684539,
                1.416622192684539,
                1.416622192684539,
                1.416622192684539,
                1.416622192684539,
                1.416622192684539,
                1.416622192684539,
                1.416622192684539,
                1.416622192684539,
                1.416622192684539,
                1.416622192684539,
                1.416622192684539,
                1.416622192684539,
                1.416622192684539,
                1.416622192684539,
                1.416622192684539,
                1.416622192684539,
                1.416622192684539,
                1.416622192684539,
                1.416622192684539,
                1.416622192684539,
                1.416622192684539,
                1.416622192684539,
                1.416622192684539,
                1.416622192684539,
                1.416622192684539,
                1.416622192684539,
                1.416622192684539,
                1.416622192684539,
                1.416622192684539,
                1.416622192684539,
                1.416622192684539,
                1.416622192684539,
                1.416622192684539,
                1.416622192684539,
                1.416622192684539,
                1.416622192684539,
                1.416622192684539,
                1.416622192684539,
                1.416622192684539,
                1.416622192684539,
                1.416622192684539,
                1.416622192684539,
                1.416622192684539,
                1.416622192684539,
                1.416622192684539,
                1.416622192684539,
                1.416622192684539,
                1.416622192684539,
                1.416622192684539,
                1.416622192684539,
                1.416622192684539,
                1.416622192684539,
                1.416622192684539,
                1.416622192684539,
                1.416622192684539,
                1.416622192684539,
                1.416622192684539,
                1.416622192684539,
                1.416622192684539,
                1.416622192684539,
                1.416622192684539,
                1.416622192684539,
                1.416622192684539,
                1.416622192684539,
                1.416622192684539,
                1.416622192684539,
                1.416622192684539,
                1.416622192684539,
                1.416622192684539,
                1.416622192684539,
                0.7652059862276268
            ],
            "verification_lags": [
                1
            ],
            "vol_max": 70882.0,
            "vol_min": 34045.0
        }
    ],
    "datetime": {
        "end_decisions": "2021-08-04 23:45",
        "end_information": "2021-08-05 00:00",
        "start": "2021-08-04 00:00",
        "start_information": "2021-08-04 00:00"
    },
    "energy_prices": [
        110.0,
        110.0,
        110.0,
        110.0,
        102.85,
        102.85,
        102.85,
        102.85,
        96.0,
        96.0,
        96.0,
        96.0,
        93.34,
        93.34,
        93.34,
        93.34,
        94.82,
        94.82,
        94.82,
        94.82,
        99.0,
        99.0,
        99.0,
        99.0,
        108.79,
        108.79,
        108.79,
        108.79,
        112.22,
        112.22,
        112.22,
        112.22,
        115.0,
        115.0,
        115.0,
        115.0,
        114.68,
        114.68,
        114.68,
        114.68,
        110.77,
        110.77,
        110.77,
        110.77,
        110.0,
        110.0,
        110.0,
        110.0,
        108.0,
        108.0,
        108.0,
        108.0,
        105.01,
        105.01,
        105.01,
        105.01,
        99.76,
        99.76,
        99.76,
        99.76,
        91.0,
        91.0,
        91.0,
        91.0,
        88.91,
        88.91,
        88.91,
        88.91,
        95.97,
        95.97,
        95.97,
        95.97,
        102.85,
        102.85,
        102.85,
        102.85,
        105.0,
        105.0,
        105.0,
        105.0,
        112.66,
        112.66,
        112.66,
        112.66,
        116.74,
        116.74,
        116.74,
        116.74,
        116.86,
        116.86,
        116.86,
        116.86,
        115.51,
        115.51,
        115.51,
        115.51,
        110.71
    ],
    "incoming_flow_max": 15.55630069111111,