{
    "dams": [
        {
            "final_vol": 70882.0,
            "flow_limit": {
                "exists": false
            },
            "flow_max": 14.15,
            "id": "dam1",
            "initial_lags": [
                3.4343684817142854,
                3.3798085318095237
            ],
            "initial_vol": 79336.66703238216,
            "order": 1,
            "relevant_lags": [
                1,
                2
            ],
            "shutdown_flows": [
                1.428571429,
                5.952380952
            ],
            "startup_flows": [
                1.428571429,
                7.619047619
            ],
            "turbined_flow": {
                "observed_flows": [
                    0.0,
                    1.43,
                    2.82,
                    4.98,
                    5.95,
                    7.62,
                    9.4,
                    13.66,
                    15.24
                ],
                "observed_powers": [
                    0.0,
                    0.0,
                    0.4,
                    1.79,
                    2.14,
                    2.35,
                    3.38,
                    4.6,
                    4.6
                ]
            },
            "unregulated_flow_max": 14.670018869093832,
            "unregulated_flows": [
                0.0,
                0.0,
                0.0,
                0.0,
                0.0,
                0.0,
                0.0,
                0.0,
                0.0,
                0.0,
                0.0,
                0.0,
                0.0,
                0.0,
                0.0,
                0.0,
                0.0,
                0.0,
                0.0,
                0.0,
                0.0,
                0.0,
                0.0,
                0.0,
                0.0,
                0.0,
                0.0,
                0.0,
                0.0,
                0.0,
                0.0,
                0.0,
                0.0,
                0.0,
                0.0,
                0.0,
                0.0,
                0.0,
                0.0,
                0.0,
                0.0,
                0.0,
                0.0,
                0.0,
                0.0,
                0.0,
                0.0,
                0.0,
                0.0,
                0.0,
                0.0,
                0.0,
                0.0,
                0.0,
                0.0,
                0.0,
                0.0,
                0.0,
                0.0,
                0.0,
                0.0,
                0.0,
                0.0,
                0.0,
                0.0,
                0.0,
                0.0,
                0.0,
                0.0,
                0.0,
                0.0,
                0.0,
                0.0,
                0.0,
                0.0,
                0.0,
                0.0,
                0.0,
                0.0,
                0.0,
                0.0,
                0.0,
                0.0,
                0.0,
                0.0,
                0.0,
                0.0,
                0.0,
                0.0,
                0.0,
                0.0,
                0.0,
                0.0,
                0.0,
                0.0,
                0.0,
                0.0
            ],
            "verification_lags": [
                1
            ],
            "vol_max": 70882.0,
            "vol_min": 34045.0
        }
    ],
    "datetime": {
        "end_decisions": "2020-09-08 23:45",
        "end_information": "2020-09-09 00:00",
        "start": "2020-09-08 00:00",
        "start_information": "2020-09-08 00:00"
    },
    "energy_prices": [
        37.71,
        37.71,
        37.71,
        37.71,
        32.4,
        32.4,
        32.4,
        32.4,
        31.7,
        31.7,
        31.7,
        31.7,
        30.55,
        30.55,
        30.55,
        30.55,
        30.55,
        30.55,
        30.55,
        30.55,
        31.87,
        31.87,
        31.87,
        31.87,
        39.84,
        39.84,
        39.84,
        39.84,
        43.21,
        43.21,
        43.21,
        43.21,
        44.07,
        44.07,
        44.07,
        44.07,
        43.37,
        43.37,
        43.37,
        43.37,
        37.27,
        37.27,
        37.27,
        37.27,
        37.0,
        37.0,
        37.0,
        37.0,
        41.31,
        41.31,
        41.31,
        41.31,
        44.3,
        44.3,
        44.3,
        44.3,
        45.26,
        45.26,
        45.26,
        45.26,
        44.51,
        44.51,
        44.51,
        44.51,
        45.57,
        45.57,
        45.57,
        45.57,
        44.35,
        44.35,
        44.35,
        44.35,
        45.0,
        45.0,
        45.0,
        45.0,
        48.69,
        48.69,
        48.69,
        48.69,
        51.57,
        51.57,
        51.57,
        51.57,
        52.26,
        52.26,
        52.26,
        52.26,
        49.24,
        49.24,
        49.24,
        49.24,
        45.26,
        45.26,
        45.26,
        45.26,
        42.11
    ],
    "incoming_flow_max": 15.55630069111111,