{
    "dams": [
        {
            "final_vol": 37172.514129683615,
            "flow_limit": {
                "exists": false
            },
            "flow_max": 14.15,
            "id": "dam1",
            "initial_lags": [
                4.627008074984127,
                4.871652876412698
            ],
            "initial_vol": 47016.74197790199,
            "order": 1,
            "relevant_lags": [
                1,
                2
            ],
            "shutdown_flows": [
                1.428571429,
                5.952380952
            ],
            "startup_flows": [
                1.428571429,
                7.619047619
            ],
            "turbined_flow": {
                "observed_flows": [
                    0.0,
                    1.43,
                    2.82,
                    4.98,
                    5.95,
                    7.62,
                    9.4,
                    13.66,
                    15.24
                ],
                "observed_powers": [
                    0.0,
                    0.0,
                    0.4,
                    1.79,
                    2.14,
                    2.35,
                    3.38,
                    4.6,
                    4.6
                ]
            },
            "unregulated_flow_max": 14.670018869093832,
            "unregulated_flows": [
                0.0,
                0.0,
                0.0,
                0.0,
                0.0,
                0.0,
                0.0,
                0.0,
                0.0,
                0.0,
                0.0,
                0.0,
                0.0,
                0.0,
                0.0,
                0.0,
                0.0,
                0.0,
                0.0,
                0.0,
                0.0,
                0.0,
                0.0,
                0.0,
                0.0,
                0.0,
                0.0,
                0.0,
                0.0,
                0.0,
                0.0,
                0.0,
                0.0,
                0.0,
                0.0,
                0.0,
                0.0,
                0.0,
                0.0,
                0.0,
                0.0,
                0.0,
                0.0,
                0.0,
                0.0,
                0.0,
                0.0,
                0.0,
                0.0,
                0.0,
                0.0,
                0.0,
                0.0,
                0.0,
                0.0,
                0.0,
                0.0,
                0.0,
                0.0,
                0.0,
                0.0,
                0.0,
                0.0,
                0.0,
                0.0,
                0.0,
                0.0,
                0.0,
                0.0,
                0.0,
                0.0,
                0.0,
                0.0,
                0.0,
                0.0,
                0.0,
                0.0,
                0.0,
                0.0,
                0.0,
                0.0,
                0.0,
                0.0,
                0.0,
                0.0,
                0.0,
                0.0,
                0.0,
                0.0,
                0.0,
                0.0,
                0.0,
                0.0,
                0.0,
                0.0,
                0.0,
                0.0
            ],
            "verification_lags": [
                1
            ],
            "vol_max": 70882.0,
            "vol_min": 34045.0
        }
    ],
    "datetime": {
        "end_decisions": "2020-06-18 23:45",
        "end_information": "2020-06-19 00:00",
        "start": "2020-06-18 00:00"
    },
    "energy_prices": [
        36.29,
        36.29,
        36.29,
        36.29,
        35.66,
        35.66,
        35.66,
        35.66,
        35.21,
        35.21,
        35.21,
        35.21,
        35.11,
        35.11,
        35.11,
        35.11,
        34.99,
        34.99,
        34.99,
        34.99,
        35.64,
        35.64,
        35.64,
        35.64,
        35.8,
        35.8,
        35.8,
        35.8,
        36.99,
        36.99,
        36.99,
        36.99,
        36.29,
        36.29,
        36.29,
        36.29,
        36.93,
        36.93,
        36.93,
        36.93,
        36.73,
        36.73,
        36.73,
        36.73,
        36.87,
        36.87,
        36.87,
        36.87,
        36.21,
        36.21,
        36.21,
        36.21,
        35.64,
        35.64,
        35.64,
        35.64,
        34.99,
        34.99,
        34.99,
        34.99,
        31.81,
        31.81,
        31.81,
        31.81,
        30.72,
        30.72,
        30.72,
        30.72,
        33.1,
        33.1,
        33.1,
        33.1,
        35.0,
        35.0,
        35.0,
        35.0,
        36.99,
        36.99,
        36.99,
        36.99,
        36.3,
        36.3,
        36.3,
        36.3,
        35.57,
        35.57,
        35.57,
        35.57,
        35.29,
        35.29,
        35.29,
        35.29,
        34.01,
        34.01,
        34.01,
        34.01,
        34.16
    ],
    "incoming_flow_max": 15.55630069111111,
    "incoming_flows": [
        4.102057424984126,
        6.935926189587301,
        7.181968414793651,
        7.202189162000001,
        6.461653516857142,
        5.70587781463492,
        3.6985304184761905,
        1.8916187324444445,
        3.2695376588888885,
        5.398933577206349,
        4.5473702144761905,
        3.173281573142857,
        2.228279863079365,
        4.623094039999999,
        5.6674796363809525,
        6.302109365968253,
        6.286694208857142,
        5.8881224546984114,
        4.494857069238095,
        4.55171522447619,
        5.139788576539682,
        6.018632307619047,
        5.955966215079364,
        6.181231361142856,
        6.652037281746031,
        6.844204962698412,
        6.906737552634921,
        6.045558881396825,
        6.655587016730157,
        6.328028439301588,
        4.940294220285715,
        3.882734145365079,
        3.3560995014920634,
        2.0714951999999998,
        2.618043114222222,
        3.195944994253968,
        3.310052464888889,
        2.0481161902222222,
        2.0911646665079364,
        2.2173473115555553,
        5.2333891506666665,
        5.283122776,
        6.512192593555556,
        3.7951497161587295,
        3.2997310256507935,
        3.200103578031746,
        3.1144341135238096,
        3.108580873047619,
        5.196288589619048,
        5.469126584888889,
        5.458001958063492,
        5.462002185238095,
        7.001239403492063,
        8.59523868126984,
        3.8073781196825394,
        3.2076759565396826,
        3.117870007238095,
        3.11639061247619,
        3.466727409936508,
        3.1201686102539674,
        3.1908501688571422,
        3.6985619238412695,
        4.814865641968253,
        3.8400277958412703,
        3.2835570705714283,
        3.543428805111111,
        3.843260753714286,
        4.317238016857142,
        5.104863040031746,
        3.2283420940952383,
        2.9668080068571427,
        2.8181201540634917,
        2.8251694137460315,
        1.8359987262222222,
        1.831929396,
        1.8083414425396824,
        2.061311328126984,
        1.916043527492063,
        2.025288035015873,
        2.154469145523809,
        2.3051083465396824,
        1.9348769622539683,
        2.5885663903174603,
        2.505808695936508,
        2.11197657815873,
        1.9545056441269841,
        1.9728295444444446,
        1.94893759015873,
        1.9760315400317459,
        2.101352087968254,
        2.2272174718730158,
        3.908969112666667,
        1.9758161495238094,
        2.3245323613015874,
        4.240343421142857,
        7.040478708507936,
        3.223166198920635
    ],
    "time_step_minutes": 15
}