{
    "dams": [
        {
            "final_vol": 70882.0,
            "flow_limit": {
                "exists": false
            },
            "flow_max": 14.15,
            "id": "dam1",
            "initial_lags": [
                13.79098547015873,
                13.777683137460317
            ],
            "initial_vol": 90595.30852381456,
            "order": 1,
            "relevant_lags": [
                1,
                2
            ],
            "shutdown_flows": [
                1.428571429,
                5.952380952
            ],
            "startup_flows": [
                1.428571429,
                7.619047619
            ],
            "turbined_flow": {
                "observed_flows": [
                    0.0,
                    1.43,
                    2.82,
                    4.98,
                    5.95,
                    7.62,
                    9.4,
                    13.66,
                    15.24
                ],
                "observed_powers": [
                    0.0,
                    0.0,
                    0.4,
                    1.79,
                    2.14,
                    2.35,
                    3.38,
                    4.6,
                    4.6
                ]
            },
            "unregulated_flow_max": 14.670018869093832,
            "unregulated_flows": [
                14.151576399491654,
                14.151576399491654,
                14.151576399491654,
                14.151576399491654,
                14.151576399491654,
                14.151576399491654,
                14.151576399491654,
                14.151576399491654,
                14.151576399491654,
                14.151576399491654,
                14.151576399491654,
                14.151576399491654,
                14.151576399491654,
                14.151576399491654,
                14.151576399491654,
                14.151576399491654,
                14.151576399491654,
                14.151576399491654,
                14.151576399491654,
                14.151576399491654,
                14.151576399491654,
                14.151576399491654,
                14.151576399491654,
                14.151576399491654,
                14.151576399491654,
                14.151576399491654,
                14.151576399491654,
                14.151576399491654,
                14.151576399491654,
                14.151576399491654,
                14.151576399491654,
                14.151576399491654,
                14.151576399491654,
                14.151576399491654,
                14.151576399491654,
                14.151576399491654,
                14.151576399491654,
                14.151576399491654,
                14.151576399491654,
                14.151576399491654,
                14.151576399491654,
                14.151576399491654,
                14.151576399491654,
                14.151576399491654,
                14.151576399491654,
                14.151576399491654,
                14.151576399491654,
                14.151576399491654,
                14.151576399491654,
                14.151576399491654,
                14.151576399491654,
                14.151576399491654,
                14.151576399491654,
                14.151576399491654,
                14.151576399491654,
                14.151576399491654,
                14.151576399491654,
                14.151576399491654,
                14.151576399491654,
                14.151576399491654,
                14.151576399491654,
                14.151576399491654,
                14.151576399491654,
                14.151576399491654,
                14.151576399491654,
                14.151576399491654,
                14.151576399491654,
                14.151576399491654,
                14.151576399491654,
                14.151576399491654,
                14.151576399491654,
                14.151576399491654,
                14.151576399491654,
                14.151576399491654,
                14.151576399491654,
                14.151576399491654,
                14.151576399491654,
                14.151576399491654,
                14.151576399491654,
                14.151576399491654,
                14.151576399491654,
                14.151576399491654,
                14.151576399491654,
                14.151576399491654,
                14.151576399491654,
                14.151576399491654,
                14.151576399491654,
                14.151576399491654,
                14.151576399491654,
                14.151576399491654,
                14.151576399491654,
                14.151576399491654,
                14.151576399491654,
                14.151576399491654,
                14.151576399491654,
                14.151576399491654,
                9.097794066492888
            ],
            "verification_lags": [
                1
            ],
            "vol_max": 70882.0,
            "vol_min": 34045.0
        }
    ],
    "datetime": {
        "end_decisions": "2021-01-22 23:45",
        "end_information": "2021-01-23 00:00",
        "start": "2021-01-22 00:00",
        "start_information": "2021-01-22 00:00"
    },
    "energy_prices": [
        35.95,
        35.95,
        35.95,
        35.95,
        28.95,
        28.95,
        28.95,
        28.95,
        25.71,
        25.71,
        25.71,
        25.71,
        23.96,
        23.96,
        23.96,
        23.96,
        23.03,
        23.03,
        23.03,
        23.03,
        27.45,
        27.45,
        27.45,
        27.45,
        29.85,
        29.85,
        29.85,
        29.85,
        41.05,
        41.05,
        41.05,
        41.05,
        51.01,
        51.01,
        51.01,
        51.01,
        53.5,
        53.5,
        53.5,
        53.5,
        51.05,
        51.05,
        51.05,
        51.05,
        47.29,
        47.29,
        47.29,
        47.29,
        44.01,
        44.01,
        44.01,
        44.01,
        42.6,
        42.6,
        42.6,
        42.6,
        37.5,
        37.5,
        37.5,
        37.5,
        37.5,
        37.5,
        37.5,
        37.5,
        39.3,
        39.3,
        39.3,
        39.3,
        48.69,
        48.69,
        48.69,
        48.69,
        54.82,
        54.82,
        54.82,
        54.82,
        57.24,
        57.24,
        57.24,
        57.24,
        55.59,
        55.59,
        55.59,
        55.59,
        52.91,
        52.91,
        52.91,
        52.91,
        51.79,
        51.79,
        51.79,
        51.79,
        46.64,
        46.64,
        46.64,
        46.64,
        32.6
    ],
    "incoming_flow_max": 15.55630069111111,