{
    "dams": [
        {
            "final_vol": 49032.54806628624,
            "flow_limit": {
                "exists": false
            },
            "flow_max": 14.15,
            "id": "dam1",
            "initial_lags": [
                3.2612189186666667,
                3.1040642903809523
            ],
            "initial_vol": 37520.06319390303,
            "order": 1,
            "relevant_lags": [
                1,
                2
            ],
            "shutdown_flows": [
                1.428571429,
                5.952380952
            ],
            "startup_flows": [
                1.428571429,
                7.619047619
            ],
            "turbined_flow": {
                "observed_flows": [
                    0.0,
                    1.43,
                    2.82,
                    4.98,
                    5.95,
                    7.62,
                    9.4,
                    13.66,
                    15.24
                ],
                "observed_powers": [
                    0.0,
                    0.0,
                    0.4,
                    1.79,
                    2.14,
                    2.35,
                    3.38,
                    4.6,
                    4.6
                ]
            },
            "unregulated_flow_max": 14.670018869093832,
            "unregulated_flows": [
                1.3503961650486374,
                1.3503961650486374,
                1.3503961650486374,
                1.3503961650486374,
                1.3503961650486374,
                1.3503961650486374,
                1.3503961650486374,
                1.3503961650486374,
                1.3503961650486374,
                1.3503961650486374,
                1.3503961650486374,
                1.3503961650486374,
                1.3503961650486374,
                1.3503961650486374,
                1.3503961650486374,
                1.3503961650486374,
                1.3503961650486374,
                1.3503961650486374,
                1.3503961650486374,
                1.3503961650486374,
                1.3503961650486374,
                1.3503961650486374,
                1.3503961650486374,
                1.3503961650486374,
                1.3503961650486374,
                1.3503961650486374,
                1.3503961650486374,
                1.3503961650486374,
                1.3503961650486374,
                1.3503961650486374,
                1.3503961650486374,
                1.3503961650486374,
                1.3503961650486374,
                1.3503961650486374,
                1.3503961650486374,
                1.3503961650486374,
                1.3503961650486374,
                1.3503961650486374,
                1.3503961650486374,
                1.3503961650486374,
                1.3503961650486374,
                1.3503961650486374,
                1.3503961650486374,
                1.3503961650486374,
                1.3503961650486374,
                1.3503961650486374,
                1.3503961650486374,
                1.3503961650486374,
                1.3503961650486374,
                1.3503961650486374,
                1.3503961650486374,
                1.3503961650486374,
                1.3503961650486374,
                1.3503961650486374,
                1.3503961650486374,
                1.3503961650486374,
                1.3503961650486374,
                1.3503961650486374,
                1.3503961650486374,
                1.3503961650486374,
                1.3503961650486374,
                1.3503961650486374,
                1.3503961650486374,
                1.3503961650486374,
                1.3503961650486374,
                1.3503961650486374,
                1.3503961650486374,
                1.3503961650486374,
                1.3503961650486374,
                1.3503961650486374,
                1.3503961650486374,
                1.3503961650486374,
                1.3503961650486374,
                1.3503961650486374,
                1.3503961650486374,
                1.3503961650486374,
                1.3503961650486374,
                1.3503961650486374,
                1.3503961650486374,
                1.3503961650486374,
                1.3503961650486374,
                1.3503961650486374,
                1.3503961650486374,
                1.3503961650486374,
                1.3503961650486374,
                1.3503961650486374,
                1.3503961650486374,
                1.3503961650486374,
                1.3503961650486374,
                1.3503961650486374,
                1.3503961650486374,
                1.3503961650486374,
                1.3503961650486374,
                1.3503961650486374,
                1.3503961650486374,
                1.3503961650486374,
                1.5377361779420888
            ],
            "verification_lags": [
                1
            ],
            "vol_max": 70882.0,
            "vol_min": 34045.0
        }
    ],
    "datetime": {
        "end_decisions": "2021-09-15 23:45",
        "end_information": "2021-09-16 00:00",
        "start": "2021-09-15 00:00"
    },
    "energy_prices": [
        172.0,
        172.0,
        172.0,
        172.0,
        168.47,
        168.47,
        168.47,
        168.47,
        162.01,
        162.01,
        162.01,
        162.01,
        160.0,
        160.0,
        160.0,
        160.0,
        160.0,
        160.0,
        160.0,
        160.0,
        162.01,
        162.01,
        162.01,
        162.01,
        166.94,
        166.94,
        166.94,
        166.94,
        177.29,
        177.29,
        177.29,
        177.29,
        180.0,
        180.0,
        180.0,
        180.0,
        180.0,
        180.0,
        180.0,
        180.0,
        180.0,
        180.0,
        180.0,
        180.0,
        178.34,
        178.34,
        178.34,
        178.34,
        180.0,
        180.0,
        180.0,
        180.0,
        175.74,
        175.74,
        175.74,
        175.74,
        175.76,
        175.76,
        175.76,
        175.76,
        175.1,
        175.1,
        175.1,
        175.1,
        175.44,
        175.44,
        175.44,
        175.44,
        175.44,
        175.44,
        175.44,
        175.44,
        175.76,
        175.76,
        175.76,
        175.76,
        180.0,
        180.0,
        180.0,
        180.0,
        180.3,
        180.3,
        180.3,
        180.3,
        176.78,
        176.78,
        176.78,
        176.78,
        170.0,
        170.0,
        170.0,
        170.0,
        159.42,
        159.42,
        159.42,
        159.42,
        192.83
    ],
    "incoming_flow_max": 15.55630069111111,