{
    "dams": [
        {
            "final_vol": 46895.312438347675,
            "flow_limit": {
                "exists": false
            },
            "flow_max": 14.15,
            "id": "dam1",
            "initial_lags": [
                7.286339169206348,
                7.018041186984126
            ],
            "initial_vol": 43652.25999244334,
            "order": 1,
            "relevant_lags": [
                1,
                2
            ],
            "shutdown_flows": [
                1.428571429,
                5.952380952
            ],
            "startup_flows": [
                1.428571429,
                7.619047619
            ],
            "turbined_flow": {
                "observed_flows": [
                    0.0,
                    1.43,
                    2.82,
                    4.98,
                    5.95,
                    7.62,
                    9.4,
                    13.66,
                    15.24
                ],
                "observed_powers": [
                    0.0,
                    0.0,
                    0.4,
                    1.79,
                    2.14,
                    2.35,
                    3.38,
                    4.6,
                    4.6
                ]
            },
            "unregulated_flow_max": 14.670018869093832,
            "unregulated_flows": [
                3.0994510382114093,
                3.0994510382114093,
                3.0994510382114093,
                3.0994510382114093,
                3.0994510382114093,
                3.0994510382114093,
                3.0994510382114093,
                3.0994510382114093,
                3.0994510382114093,
                3.0994510382114093,
                3.0994510382114093,
                3.0994510382114093,
                3.0994510382114093,
                3.0994510382114093,
                3.0994510382114093,
                3.0994510382114093,
                3.0994510382114093,
                3.0994510382114093,
                3.0994510382114093,
                3.0994510382114093,
                3.0994510382114093,
                3.0994510382114093,
                3.0994510382114093,
                3.0994510382114093,
                3.0994510382114093,
                3.0994510382114093,
                3.0994510382114093,
                3.0994510382114093,
                3.0994510382114093,
                3.0994510382114093,
                3.0994510382114093,
                3.0994510382114093,
                3.0994510382114093,
                3.0994510382114093,
                3.0994510382114093,
                3.0994510382114093,
                3.0994510382114093,
                3.0994510382114093,
                3.0994510382114093,
                3.0994510382114093,
                3.0994510382114093,
                3.0994510382114093,
                3.0994510382114093,
                3.0994510382114093,
                3.0994510382114093,
                3.0994510382114093,
                3.0994510382114093,
                3.0994510382114093,
                3.0994510382114093,
                3.0994510382114093,
                3.0994510382114093,
                3.0994510382114093,
                3.0994510382114093,
                3.0994510382114093,
                3.0994510382114093,
                3.0994510382114093,
                3.0994510382114093,
                3.0994510382114093,
                3.0994510382114093,
                3.0994510382114093,
                3.0994510382114093,
                3.0994510382114093,
                3.0994510382114093,
                3.0994510382114093,
                3.0994510382114093,
                3.0994510382114093,
                3.0994510382114093,
                3.0994510382114093,
                3.0994510382114093,
                3.0994510382114093,
                3.0994510382114093,
                3.0994510382114093,
                3.0994510382114093,
                3.0994510382114093,
                3.0994510382114093,
                3.0994510382114093,
                3.0994510382114093,
                3.0994510382114093,
                3.0994510382114093,
                3.0994510382114093,
                3.0994510382114093,
                3.0994510382114093,
                3.0994510382114093,
                3.0994510382114093,
                3.0994510382114093,
                3.0994510382114093,
                3.0994510382114093,
                3.0994510382114093,
                3.0994510382114093,
                3.0994510382114093,
                3.0994510382114093,
                3.0994510382114093,
                3.0994510382114093,
                3.0994510382114093,
                3.0994510382114093,
                3.0994510382114093,
                2.9871676947844596
            ],
            "verification_lags": [
                1
            ],
            "vol_max": 70882.0,
            "vol_min": 34045.0
        }
    ],
    "datetime": {
        "end_decisions": "2021-05-21 23:45",
        "end_information": "2021-05-22 00:00",
        "start": "2021-05-21 00:00",
        "start_information": "2021-05-21 00:00"
    },
    "energy_prices": [
        80.85,
        80.85,
        80.85,
        80.85,
        79.46,
        79.46,
        79.46,
        79.46,
        79.18,
        79.18,
        79.18,
        79.18,
        79.18,
        79.18,
        79.18,
        79.18,
        79.46,
        79.46,
        79.46,
        79.46,
        79.18,
        79.18,
        79.18,
        79.18,
        82.8,
        82.8,
        82.8,
        82.8,
        85.06,
        85.06,
        85.06,
        85.06,
        86.01,
        86.01,
        86.01,
        86.01,
        80.85,
        80.85,
        80.85,
        80.85,
        78.1,
        78.1,
        78.1,
        78.1,
        77.02,
        77.02,
        77.02,
        77.02,
        75.0,
        75.0,
        75.0,
        75.0,
        65.07,
        65.07,
        65.07,
        65.07,
        53.17,
        53.17,
        53.17,
        53.17,
        47.07,
        47.07,
        47.07,
        47.07,
        40.0,
        40.0,
        40.0,
        40.0,
        37.98,
        37.98,
        37.98,
        37.98,
        39.49,
        39.49,
        39.49,
        39.49,
        51.05,
        51.05,
        51.05,
        51.05,
        62.99,
        62.99,
        62.99,
        62.99,
        77.99,
        77.99,
        77.99,
        77.99,
        77.02,
        77.02,
        77.02,
        77.02,
        75.0,
        75.0,
        75.0,
        75.0,
        67.21
    ],
    "incoming_flow_max": 15.55630069111111,