{
    "dams": [
        {
            "final_vol": 70882.0,
            "flow_limit": {
                "exists": false
            },
            "flow_max": 14.15,
            "id": "dam1",
            "initial_lags": [
                8.14406410095238,
                8.13844172126984
            ],
            "initial_vol": 48914.98005434608,
            "order": 1,
            "relevant_lags": [
                1,
                2
            ],
            "shutdown_flows": [
                1.428571429,
                5.952380952
            ],
            "startup_flows": [
                1.428571429,
                7.619047619
            ],
            "turbined_flow": {
                "observed_flows": [
                    0.0,
                    1.43,
                    2.82,
                    4.98,
                    5.95,
                    7.62,
                    9.4,
                    13.66,
                    15.24
                ],
                "observed_powers": [
                    0.0,
                    0.0,
                    0.4,
                    1.79,
                    2.14,
                    2.35,
                    3.38,
                    4.6,
                    4.6
                ]
            },
            "unregulated_flow_max": 14.670018869093832,
            "unregulated_flows": [
                0.0,
                0.0,
                0.0,
                0.0,
                0.0,
                0.0,
                0.0,
                0.0,
                0.0,
                0.0,
                0.0,
                0.0,
                0.0,
                0.0,
                0.0,
                0.0,
                0.0,
                0.0,
                0.0,
                0.0,
                0.0,
                0.0,
                0.0,
                0.0,
                0.0,
                0.0,
                0.0,
                0.0,
                0.0,
                0.0,
                0.0,
                0.0,
                0.0,
                0.0,
                0.0,
                0.0,
                0.0,
                0.0,
                0.0,
                0.0,
                0.0,
                0.0,
                0.0,
                0.0,
                0.0,
                0.0,
                0.0,
                0.0,
                0.0,
                0.0,
                0.0,
                0.0,
                0.0,
                0.0,
                0.0,
                0.0,
                0.0,
                0.0,
                0.0,
                0.0,
                0.0,
                0.0,
                0.0,
                0.0,
                0.0,
                0.0,
                0.0,
                0.0,
                0.0,
                0.0,
                0.0,
                0.0,
                0.0,
                0.0,
                0.0,
                0.0,
                0.0,
                0.0,
                0.0,
                0.0,
                0.0,
                0.0,
                0.0,
                0.0,
                0.0,
                0.0,
                0.0,
                0.0,
                0.0,
                0.0,
                0.0,
                0.0,
                0.0,
                0.0,
                0.0,
                0.0,
                0.0
            ],
            "verification_lags": [
                1
            ],
            "vol_max": 70882.0,
            "vol_min": 34045.0
        }
    ],
    "datetime": {
        "end_decisions": "2020-02-06 23:45",
        "end_information": "2020-02-07 00:00",
        "start": "2020-02-06 00:00"
    },
    "energy_prices": [
        35.0,
        35.0,
        35.0,
        35.0,
        30.31,
        30.31,
        30.31,
        30.31,
        28.15,
        28.15,
        28.15,
        28.15,
        26.95,
        26.95,
        26.95,
        26.95,
        26.0,
        26.0,
        26.0,
        26.0,
        28.0,
        28.0,
        28.0,
        28.0,
        33.0,
        33.0,
        33.0,
        33.0,
        43.15,
        43.15,
        43.15,
        43.15,
        44.51,
        44.51,
        44.51,
        44.51,
        44.8,
        44.8,
        44.8,
        44.8,
        42.38,
        42.38,
        42.38,
        42.38,
        40.81,
        40.81,
        40.81,
        40.81,
        39.25,
        39.25,
        39.25,
        39.25,
        38.01,
        38.01,
        38.01,
        38.01,
        37.94,
        37.94,
        37.94,
        37.94,
        38.06,
        38.06,
        38.06,
        38.06,
        39.09,
        39.09,
        39.09,
        39.09,
        42.51,
        42.51,
        42.51,
        42.51,
        46.83,
        46.83,
        46.83,
        46.83,
        47.21,
        47.21,
        47.21,
        47.21,
        45.95,
        45.95,
        45.95,
        45.95,
        45.47,
        45.47,
        45.47,
        45.47,
        42.71,
        42.71,
        42.71,
        42.71,
        41.21,
        41.21,
        41.21,
        41.21,
        41.21
    ],
    "incoming_flow_max": 15.55630069111111,
    "incoming_flows": [
        6.30456483168254,
        7.2522607455238095,
        5.917965652507937,
        6.056916136920634,
        6.9668232747619045,
        6.23091535511111,
        4.8781048494285715,
        4.120017087619048,
        5.118651030476189,
        4.990801447873016,
        3.776627345714285,
        2.4623249920952377,
        10.872646574,
        10.869243739714284,
        8.316767638698412,
        3.5292762668571425,
        5.865834061936507,
        10.050886197396826,
        8.296029529333333,
        5.237879181714285,
        9.228506968190477,
        10.365437094730158,
        5.068898903047619,
        5.941350153841269,
        10.571593693333334,
        13.064232885333332,
        11.511213675396824,
        10.461968807650793,
        11.786853410126986,
        11.364047674539682,
        12.399606803714285,
        11.200553114761902,
        13.19208548526984,
        8.527739250634921,
        7.576089134380951,
        10.529068057777778,
        7.959769311396824,
        7.024841819238095,
        7.624514093682538,
        9.778124286984125,
        8.319201792603174,
        6.773875902158729,
        8.80831435206349,
        11.870705634126983,
        11.141777081619047,
        9.93605449473016,
        10.103262214507936,
        10.254293323936507,
        13.324895978063491,
        13.878673227968253,
        12.40310777415873,
        10.544147251333333,
        12.093053384507936,
        9.930137212253968,
        9.340712174984128,
        7.167568458412697,
        9.037569180253968,
        4.5143968715873015,
        4.470095958031746,
        3.8853339412063486,
        5.4662922466031745,
        9.570558574857142,
        7.144453964539681,
        7.626810869111111,
        7.419881692253968,
        11.592738399841268,
        10.233230100857144,
        7.970540509968253,
        6.585292133428571,
        6.03649304015873,
        6.8243714459682545,
        4.319651730507936,
        9.608271768920636,
        7.323963258253967,
        6.6886978582222225,
        7.951026001968253,
        11.051916790190475,
        8.739208530095235,
        12.326023026412699,
        12.204762884095237,
        11.094773215523809,
        10.612973080825398,
        13.33168147822222,
        13.304934912190477,
        4.155802513047619,
        4.023092894190476,
        9.464134624666665,
        13.689854621777776,
        8.075167629777777,
        12.248074974507936,
        13.829403858761903,
        13.829590365333333,
        7.318262062285715,
        10.04746630631746,
        11.386406919142859,
        9.452963724730159,
        9.445235090539683
    ],
    "time_step_minutes": 15
}