{
    "gamma": 0.999,
    "normalize_advantage": false,
    "max_grad_norm": 1,
    "use_rms_prop": true,
    "gae_lambda": 0.8,
    "n_steps": 128,
    "lr_schedule": "linear",
    "learning_rate": 0.0005112772902337136,
    "ent_coef": 1.220759336227781e-06,
    "vf_coef": 0.5224064427468316,
    "log_std_init": -0.11769192932845224,
    "ortho_init": true,
    "net_arch": "medium",
    "activation_fn": "relu"
}