{
    "gamma": 0.9999,
    "learning_rate": 0.009248304976227887,
    "batch_size": 16,
    "buffer_size": 1000000,
    "learning_starts": 10000,
    "train_freq": 4,
    "tau": 0.005,
    "log_std_init": 0.019126259445211735,
    "net_arch": "medium"
}