{
    "batch_size": 256,
    "n_steps": 32,
    "gamma": 0.9,
    "learning_rate": 0.002251421345148747,
    "ent_coef": 0.08619556719147366,
    "clip_range": 0.1,
    "n_epochs": 20,
    "gae_lambda": 0.9,
    "max_grad_norm": 1,
    "vf_coef": 0.8702702092284076,
    "net_arch": "small",
    "log_std_init": -0.5889852267740454,
    "sde_sample_freq": 16,
    "activation_fn": "tanh"
}