{
    "gamma": 0.95,
    "normalize_advantage": true,
    "max_grad_norm": 5,
    "use_rms_prop": true,
    "gae_lambda": 1.0,
    "n_steps": 256,
    "lr_schedule": "linear",
    "learning_rate": 0.018814772415598844,
    "ent_coef": 0.07105711091648642,
    "vf_coef": 0.058688609708628825,
    "log_std_init": 0.36072646223475635,
    "ortho_init": true,
    "net_arch": "medium",
    "activation_fn": "tanh"
}