{
    "batch_size": 256,
    "n_steps": 256,
    "gamma": 0.9,
    "learning_rate": 0.005744093602698903,
    "ent_coef": 6.081188784112226e-05,
    "clip_range": 0.2,
    "n_epochs": 10,
    "gae_lambda": 0.95,
    "max_grad_norm": 0.8,
    "vf_coef": 0.8812583634351426,
    "net_arch": "tiny",
    "log_std_init": -0.0659151889395111,
    "sde_sample_freq": 8,
    "activation_fn": "tanh"
}