{
    "gamma": 0.9999,
    "learning_rate": 0.0001929936694298228,
    "batch_size": 32,
    "buffer_size": 1000000,
    "learning_starts": 20000,
    "train_freq": 64,
    "tau": 0.005,
    "log_std_init": -2.6402351513502644,
    "net_arch": "medium"
}