{
    "configuration": {
        "common_ratio": 0.6,
        "flow_smoothing": 0,
        "limit_zones_penalty": 0.0,
        "max_relvar": 1.0,
        "maximize_final_vol": false,
        "mode": "linear",
        "prob_below_half": 0.15,
        "random_biased_flows": false,
        "random_biased_sorting": false,
        "startups_penalty": 0.0,
        "volume_exceedance_bonus": 0.0,
        "volume_objectives": {},
        "volume_shortage_penalty": 0.0
    },
    "dams": [
        {
            "flows": [
                11.325502187460321,
                0.0,
                0.0,
                0.0,
                0.0,
                0.0,
                0.0,
                0.0,
                0.0,
                0.0,
                0.0,
                0.0,
                0.0,
                0.0,
                0.0,
                0.0,
                0.0,
                0.0,
                0.0,
                0.0,
                1.1355079318412755,
                0.0,
                0.5550708960634883,
                0.561596495777776,
                1.1314315454603154,
                0.0,
                0.5619918145079443,
                0.5625724584126955,
                1.6996235355555513,
                0.0,
                0.0,
                11.06614824507936,
                8.084397349092695e-15,
                0.0,
                0.0,
                0.0,
                0.0,
                0.0,
                0.0,
                0.0,
                0.0,
                0.0,
                0.0,
                0.0,
                0.0,
                0.0,
                0.0,
                0.0,
                0.0,
                0.0,
                0.0,
                0.5478576517142938,
                1.6292254300317532,
                0.0,
                0.0,
                1.6409609603174613,
                0.0,
                0.0,
                3.482380575714277,
                0.0,
                0.0,
                0.0,
                0.0,
                5.496696667015867,
                0.0,
                0.0,
                0.0,
                0.0,
                0.0,
                0.0,
                0.7952388260317417,
                0.8058125366984071,
                1.5994105433333283,
                0.0,
                0.7897547597142854,
                0.7854410636825357,
                1.5800384964761907,
                0.0,
                0.7968968058730146,
                14.15,
                14.15,
                14.15,
                1.6195683647301484,
                0.8049759524126987,
                0.8173263867301608,
                0.8053915520317484,
                0.7924581689841256,
                0.7899422400000023,
                0.7926960634603165,
                0.8015079706349206,
                0.8013856411428585,
                0.7998877668888923,
                0.7983898908571427,
                0.7930557557142877,
                0.7941784007301612,
                0.8047738965079366,
                0.8017300140317497,
                0.7997645121269872,
                0.7994708484444466
            ],
            "id": "dam1",
            "objective_function_details": {
                "income_from_energy_eur": 300.777562900378,
                "limit_zones": 0.0,
                "startups": 10.0,
                "total_income_eur": 300.777562900378,
                "volume_exceedance_m3": 0,
                "volume_shortage_m3": 0
            },
            "power": [
                0.7953574951772485,
                3.931434898756242,
                0.0,
                0.0,
                0.0,
                0.0,
                0.0,
                0.0,
                0.0,
                0.0,
                0.0,
                0.0,
                0.0,
                0.0,
                0.0,
                0.0,
                0.0,
                0.0,
                0.0,
                0.0,
                0.0,
                0.0,
                0.0,
                0.0,
                0.0,
                0.0,
                0.0,
                0.0,
                0.0,
                0.07758950663469107,
                0.0,
                0.0,
                3.857159826055591,
                0.0,
                0.0,
                0.0,
                0.0,
                0.0,
                0.0,
                0.0,
                0.0,
                0.0,
                0.0,
                0.0,
                0.0,
                0.0,
                0.0,
                0.0,
                0.0,
                0.0,
                0.0,
                0.0,
                0.0,
                0.05733105900194341,
                0.0,
                0.0,
                0.060708190019413355,
                0.0,
                0.0,
                0.826254166779095,
                0.0,
                0.0,
                0.0,
                0.0,
                1.976436941706756,
                0.0,
                0.0,
                0.0,
                0.0,
                0.0,
                0.0,
                0.0,
                0.0,
                0.0487512354916053,
                0.0,
                0.0,
                0.0,
                0.0431765457485441,
                0.0,
                0.0,
                4.6,
                4.6,
                4.6,
                0.05455204740435928,
                0.0,
                0.0,
                0.0,
                0.0,
                0.0,
                0.0,
                0.0,
                0.0,
                0.0,
                0.0,
                0.0,
                0.0,
                0.0,
                0.0,
                0.0
            ],