{
    "configuration": {
        "common_ratio": 0.6,
        "flow_smoothing": 0,
        "limit_zones_penalty": 50,
        "max_relvar": 0.2,
        "maximize_final_vol": false,
        "mode": "linear",
        "prob_below_half": 0.15,
        "random_biased_flows": false,
        "random_biased_sorting": false,
        "startups_penalty": 50,
        "volume_exceedance_bonus": 0.0,
        "volume_objectives": {},
        "volume_shortage_penalty": 0.0
    },
    "dams": [
        {
            "flows": [
                6.264368481714288,
                3.434368481714288,
                0.6043684817142881,
                0.0,
                0.0,
                0.0,
                0.0,
                0.0,
                0.0,
                0.0,
                0.0,
                0.0,
                0.0,
                0.0,
                0.0,
                0.0,
                0.0,
                0.0,
                0.0,
                0.0,
                1.1355079318412755,
                0.0,
                0.5550708960634883,
                0.561596495777776,
                1.1314315454603154,
                0.0,
                0.5619918145079443,
                0.5625724584126955,
                1.6996235355555513,
                0.0,
                0.0,
                2.83,
                0.0,
                0.0,
                0.0,
                0.0,
                0.0,
                0.0,
                0.0,
                0.0,
                0.0,
                0.0,
                0.0,
                0.0,
                0.0,
                0.0,
                0.0,
                0.0,
                0.0,
                0.0,
                0.0,
                0.5478576517142938,
                1.6292254300317532,
                0.0,
                0.0,
                1.6409609603174613,
                0.0,
                0.0,
                2.83,
                0.0,
                0.0,
                0.0,
                0.0,
                2.83,
                0.0,
                0.0,
                0.0,
                0.0,
                0.0,
                0.0,
                0.7952388260317417,
                0.8058125366984071,
                1.5994105433333283,
                0.0,
                0.7897547597142854,
                0.7854410636825357,
                1.5800384964761907,
                0.0,
                0.7968968058730146,
                3.6268968058730144,
                6.456896805873015,
                9.286896805873015,
                6.456896805873015,
                3.6268968058730144,
                0.8173263867301608,
                0.8053915520317484,
                0.7924581689841256,
                0.7899422400000023,
                0.7926960634603165,
                0.8015079706349206,
                0.8013856411428585,
                0.7998877668888923,
                0.7983898908571427,
                0.7930557557142877,
                0.7941784007301612,
                0.8047738965079366,
                0.8017300140317497,
                0.7997645121269872,
                0.7994708484444466
            ],
            "id": "dam1",
            "objective_function_details": {
                "income_from_energy_eur": 175.9029129932056,
                "limit_zones": 3.0,
                "startups": 10.0,
                "total_income_eur": -474.09708700679437,
                "volume_exceedance_m3": 13878.054259000004,
                "volume_shortage_m3": 0
            },
            "power": [
                0.7953574951772485,
                2.1795313659640723,
                0.7953574951772502,
                0.0,
                0.0,
                0.0,
                0.0,
                0.0,
                0.0,
                0.0,
                0.0,
                0.0,
                0.0,
                0.0,
                0.0,
                0.0,
                0.0,
                0.0,
                0.0,
                0.0,
                0.0,
                0.0,
                0.0,
                0.0,
                0.0,
                0.0,
                0.0,
                0.0,
                0.0,
                0.07758950663469107,
                0.0,
                0.0,
                0.40643518518518534,
                0.0,
                0.0,
                0.0,
                0.0,
                0.0,
                0.0,
                0.0,
                0.0,
                0.0,
                0.0,
                0.0,
                0.0,
                0.0,
                0.0,
                0.0,
                0.0,
                0.0,
                0.0,
                0.0,
                0.0,
                0.05733105900194341,
                0.0,
                0.0,
                0.060708190019413355,
                0.0,
                0.0,
                0.40643518518518534,
                0.0,
                0.0,
                0.0,
                0.0,
                0.40643518518518534,
                0.0,
                0.0,
                0.0,
                0.0,
                0.0,
                0.0,
                0.0,
                0.0,
                0.0487512354916053,
                0.0,
                0.0,
                0.0,
                0.0431765457485441,
                0.0,
                0.0,
                0.9192530371127269,
                2.203741514510978,
                3.314552646095059,
                2.203741514510978,
                0.9192530371127269,
                0.0,
                0.0,
                0.0,
                0.0,
                0.0,
                0.0,
                0.0,
                0.0,
                0.0,
                0.0,
                0.0,
                0.0,
                0.0,
                0.0
            ],