{
    "configuration": {
        "avoid_limit_zones": false,
        "common_ratio": 0.6,
        "flow_smoothing": 2,
        "limit_zones_penalty": 50,
        "maximize_final_vol": false,
        "mode": "linear",
        "prob_below_half": 0.15,
        "random_biased_flows": false,
        "random_biased_sorting": false,
        "startups_penalty": 50,
        "volume_exceedance_bonus": 0.0,
        "volume_objectives": {},
        "volume_shortage_penalty": 0.0
    },
    "dams": [
        {
            "flows": [
                8.028472839755455,
                8.028472839755455,
                8.028472839755455,
                10.152182596571429,
                10.152182596571429,
                10.152182596571429,
                4.547887022582009,
                4.547887022582009,
                4.547887022582009,
                9.623427183121693,
                9.623427183121693,
                9.623427183121693,
                11.805767255873015,
                11.805767255873015,
                11.805767255873015,
                4.592708904960613,
                4.592708904960613,
                4.592708904960613,
                7.361144993504996,
                7.361144993504996,
                7.361144993504996,
                11.041717490257495,
                11.041717490257495,
                11.041717490257495,
                4.2102095711816565,
                4.2102095711816565,
                4.2102095711816565,
                12.166931653788359,
                12.166931653788359,
                12.166931653788359,
                3.9010781980105804,
                3.9010781980105804,
                3.9010781980105804,
                3.4300739333227512,
                3.4300739333227512,
                3.4300739333227512,
                13.643333333333333,
                13.643333333333333,
                13.643333333333333,
                2.5210533466560845,
                2.5210533466560845,
                2.5210533466560845,
                9.069654490793651,
                9.069654490793651,
                9.069654490793651,
                4.78220797026455,
                4.78220797026455,
                4.78220797026455,
                1.193528000634921,
                1.193528000634921,
                1.193528000634921,
                3.3157748078412688,
                3.3157748078412688,
                3.3157748078412688,
                3.295062026338625,
                3.295062026338625,
                3.295062026338625,
                3.297038784730158,
                3.297038784730158,
                3.297038784730158,
                3.5925657364338623,
                3.5925657364338623,
                3.5925657364338623,
                6.5182329641798935,
                6.5182329641798935,
                6.5182329641798935,
                5.150031407407408,
                5.150031407407408,
                5.150031407407408,
                6.002941139880069,
                6.002941139880069,
                6.002941139880069,
                1.8865344576966536,
                1.8865344576966536,
                1.8865344576966536,
                6.002941139880069,
                6.002941139880069,
                6.002941139880069,
                6.6228254663703705,
                6.6228254663703705,
                6.6228254663703705,
                8.924953367555554,
                8.924953367555554,
                8.924953367555554,
                13.643333333333333,
                13.643333333333333,
                13.643333333333333,
                13.643333333333333,
                13.643333333333333,
                13.643333333333333,
                13.013728940306876,
                13.013728940306876,
                13.013728940306876,
                9.004411709820108,
                9.004411709820108,
                9.004411709820108,
                14.15
            ],
            "id": "dam1",
            "objective_function_details": {
                "income_from_energy_eur": 1990.8168240705688,
                "limit_zones": 15.0,
                "startups": 8.0,
                "total_income_eur": 840.8168240705688,
                "volume_exceedance_m3": 6654.599627323805,
                "volume_shortage_m3": 0
            },
            "power": [
                2.1003701914089343,
                2.5863634971618636,
                2.5863634971618636,
                2.5863634971618636,
                3.5954137952622403,
                3.5954137952622403,
                3.5954137952622403,
                1.5119272969393474,
                1.5119272969393474,
                1.5119272969393474,
                3.4439861885935357,
                3.4439861885935357,
                3.4439861885935357,
                4.068975599099783,
                4.068975599099783,
                4.068975599099783,
                1.5407710082848411,
                1.5407710082848411,
                1.5407710082848411,
                2.3174493704407473,
                2.317449370440748,
                2.317449370440748,
                3.850163224909424,
                3.850163224909424,
                3.850163224909424,
                1.2946256036770827,
                1.2946256036770827,
                1.2946256036770827,
                4.172407656718732,
                4.172407656718732,
                4.172407656718732,
                1.0956938403864342,
                1.0956938403864342,
                1.0956938403864342,
                0.7925938737586272,
                0.7925938737586272,
                0.7925938737586272,
                4.595226917057903,
                4.595226917057903,
                4.595226917057903,
                0.3139721860880821,
                0.3139721860880821,
                0.3139721860880821,
                3.188845014335652,
                3.188845014335652,
                3.188845014335652,
                1.6627171660498705,
                1.6627171660498705,
                1.6627171660498705,
                0.0,
                0.0,
                0.0,
                0.7190402698608152,
                0.7190402698608152,
                0.7190402698608152,
                0.7057112113938402,
                0.7057112113938351,
                0.7057112113938351,
                0.7069832920254266,
                0.7069832920254266,
                0.7069832920254266,
                0.8971603581680847,
                0.8971603581680899,
                0.8971603581680899,
                2.2114544445974715,
                2.2114544445974715,
                2.2114544445974715,
                1.8513515387552508,
                1.8513515387552508,
                1.8513515387552508,
                2.146657269086715,
                2.146657269086715,
                2.146657269086715,
                0.13137682235875017,
                0.13137682235875017,
                0.13137682235875017,
                2.146657269086715,
                2.146657269086715,
                2.146657269086715,
                2.2246067951723223,
                2.2246067951723223,
                2.2246067951723223,
                3.1051134654956307,
                3.1051134654956307,
                3.1051134654956307,
                4.595226917057903,
                4.595226917057903,
                4.595226917057903,
                4.595226917057903,
                4.595226917057903,
                4.595226917057903,
                4.414917677740466,
                4.414917677740466,
                4.414917677740466,
                3.151092169165568,
                3.151092169165568,
                3.151092169165568
            ],