{
    "configuration": {
        "avoid_limit_zones": false,
        "common_ratio": 0.6,
        "flow_smoothing": 2,
        "limit_zones_penalty": 50,
        "maximize_final_vol": false,
        "mode": "linear",
        "prob_below_half": 0.15,
        "random_biased_flows": false,
        "random_biased_sorting": false,
        "startups_penalty": 50,
        "volume_exceedance_bonus": 0.0,
        "volume_objectives": {},
        "volume_shortage_penalty": 0.0
    },
    "dams": [
        {
            "flows": [
                7.1930732039172085,
                7.1930732039172085,
                7.1930732039172085,
                11.063685410095008,
                11.063685410095008,
                11.063685410095008,
                13.643333333333333,
                13.643333333333333,
                13.643333333333333,
                13.048025891629168,
                13.048025891629168,
                13.048025891629168,
                13.264977134786287,
                13.264977134786287,
                13.264977134786287,
                13.643333333333333,
                13.643333333333333,
                13.643333333333333,
                7.84034998505797,
                7.84034998505797,
                7.84034998505797,
                7.84034998505797,
                7.84034998505797,
                7.84034998505797,
                7.84034998505797,
                7.84034998505797,
                7.84034998505797,
                9.891425358243156,
                9.891425358243156,
                9.891425358243156,
                13.643333333333333,
                13.643333333333333,
                13.643333333333333,
                12.167716806324208,
                12.167716806324208,
                12.167716806324208,
                13.643333333333333,
                13.643333333333333,
                13.643333333333333,
                13.233554910909588,
                13.233554910909588,
                13.233554910909588,
                13.643333333333333,
                13.643333333333333,
                13.643333333333333,
                13.643333333333333,
                13.643333333333333,
                13.643333333333333,
                13.643333333333333,
                13.643333333333333,
                13.643333333333333,
                8.474117254178973,
                8.474117254178973,
                8.474117254178973,
                6.898713023343685,
                6.898713023343685,
                6.898713023343685,
                13.643333333333333,
                13.643333333333333,
                13.643333333333333,
                13.643333333333333,
                13.643333333333333,
                13.643333333333333,
                13.643333333333333,
                13.643333333333333,
                13.643333333333333,
                13.643333333333333,
                13.643333333333333,
                13.643333333333333,
                11.018867644299897,
                11.018867644299897,
                11.018867644299897,
                11.018867644299897,
                11.018867644299897,
                11.018867644299897,
                11.018867644299897,
                11.018867644299897,
                11.018867644299897,
                13.643333333333333,
                13.643333333333333,
                13.643333333333333,
                5.391038659396364,
                5.391038659396364,
                5.391038659396364,
                13.643333333333333,
                13.643333333333333,
                13.643333333333333,
                13.643333333333333,
                13.643333333333333,
                13.643333333333333,
                8.380475372567364,
                8.380475372567364,
                8.380475372567364,
                9.936033670994476,
                9.936033670994476,
                9.936033670994476,
                14.15
            ],
            "id": "dam1",
            "objective_function_details": {
                "income_from_energy_eur": 6459.229934430729,
                "limit_zones": 7.0,
                "startups": 3.0,
                "total_income_eur": 5959.229934430729,
                "volume_exceedance_m3": 18426.701844866235,
                "volume_shortage_m3": 0
            },
            "power": [
                2.30804265001996,
                2.2963145945045587,
                2.29631459450456,
                2.2963145945045587,
                3.856454507116411,
                3.856454507116411,
                3.856454507116411,
                4.595226917057903,
                4.595226917057903,
                4.595226917057903,
                4.424739809339808,
                4.424739809339808,
                4.424739809339808,
                4.486871386018608,
                4.486871386018608,
                4.486871386018606,
                4.595226917057903,
                4.595226917057903,
                4.595226917057903,
                2.4775058902301716,
                2.4775058902301716,
                2.4775058902301716,
                2.4775058902301716,
                2.4775058902301716,
                2.4775058902301716,
                2.4775058902301716,
                2.4775058902301716,
                2.4775058902301716,
                3.52073683968466,
                3.52073683968466,
                3.52073683968466,
                4.595226917057903,
                4.595226917057903,
                4.595226917057903,
                4.1726325126092805,
                4.1726325126092805,
                4.1726325126092805,
                4.595226917057903,
                4.595226917057903,
                4.595226917057903,
                4.47787253317129,
                4.47787253317129,
                4.47787253317129,
                4.595226917057903,
                4.595226917057903,
                4.595226917057903,
                4.595226917057903,
                4.595226917057903,
                4.595226917057903,
                4.595226917057903,
                4.595226917057903,
                4.595226917057903,
                2.8442363886541266,
                2.8442363886541266,
                2.8442363886541266,
                2.259299242456392,
                2.259299242456392,
                2.259299242456392,
                4.595226917057903,
                4.595226917057903,
                4.595226917057903,
                4.595226917057903,
                4.595226917057903,
                4.595226917057903,
                4.595226917057903,
                4.595226917057903,
                4.595226917057903,
                4.595226917057903,
                4.595226917057903,
                4.595226917057903,
                3.843619372311238,
                3.843619372311238,
                3.843619372311238,
                3.843619372311238,
                3.843619372311238,
                3.843619372311238,
                3.843619372311238,
                3.843619372311238,
                3.843619372311238,
                4.595226917057903,
                4.595226917057903,
                4.595226917057903,
                1.9383129183388967,
                1.9383129183388967,
                1.9383129183388967,
                4.595226917057903,
                4.595226917057903,
                4.595226917057903,
                4.595226917057903,
                4.595226917057903,
                4.595226917057903,
                2.790050356036171,
                2.790050356036171,
                2.790050356036171,
                3.533511990284804,
                3.533511990284804,
                3.533511990284804
            ],