{
    "configuration": {
        "avoid_limit_zones": false,
        "common_ratio": 0.6,
        "flow_smoothing": 2,
        "limit_zones_penalty": 50,
        "maximize_final_vol": false,
        "mode": "linear",
        "prob_below_half": 0.15,
        "random_biased_flows": false,
        "random_biased_sorting": false,
        "startups_penalty": 50,
        "volume_exceedance_bonus": 0.0,
        "volume_objectives": {},
        "volume_shortage_penalty": 0.0
    },
    "dams": [
        {
            "flows": [
                2.9248669960327542,
                2.9248669960327542,
                2.9248669960327542,
                0.0,
                0.0,
                0.0,
                1.133819781301588,
                1.133819781301588,
                1.133819781301588,
                6.779104027103771e-15,
                6.779104027103771e-15,
                6.779104027103771e-15,
                0.0,
                0.0,
                0.0,
                0.0,
                0.0,
                0.0,
                1.147788202857142,
                1.147788202857142,
                1.147788202857142,
                1.133819781301588,
                1.133819781301588,
                1.133819781301588,
                1.7099071917777777,
                1.7099071917777777,
                1.7099071917777777,
                1.132264162465608,
                1.132264162465608,
                1.132264162465608,
                1.1215973556507937,
                1.1215973556507937,
                1.1215973556507937,
                1.7131998223809528,
                1.7131998223809528,
                1.7131998223809528,
                13.643333333333333,
                13.643333333333333,
                13.643333333333333,
                2.252378722370371,
                2.252378722370371,
                2.252378722370371,
                1.6906793073333333,
                1.6906793073333333,
                1.6906793073333333,
                1.9965840476825398,
                1.9965840476825398,
                1.9965840476825398,
                2.986539025174603,
                2.986539025174603,
                2.986539025174603,
                2.27472856184127,
                2.27472856184127,
                2.27472856184127,
                1.8049901806137563,
                1.8049901806137563,
                1.8049901806137563,
                1.1369772922116408,
                1.1369772922116408,
                1.1369772922116408,
                4.263657519439152,
                4.263657519439152,
                4.263657519439152,
                0.0,
                0.0,
                0.0,
                0.0,
                0.0,
                0.0,
                0.0,
                0.0,
                0.0,
                0.0,
                0.0,
                0.0,
                1.099539617343914,
                1.099539617343914,
                1.099539617343914,
                8.858818999650795,
                8.858818999650795,
                8.858818999650795,
                0.531242907354496,
                0.531242907354496,
                0.531242907354496,
                1.6388848533544973,
                1.6388848533544973,
                1.6388848533544973,
                1.675643115365079,
                1.675643115365079,
                1.675643115365079,
                1.6667041033968257,
                1.6667041033968257,
                1.6667041033968257,
                1.6632035504126985,
                1.6632035504126985,
                1.6632035504126985,
                4.906375031714286
            ],
            "id": "dam1",
            "objective_function_details": {
                "income_from_energy_eur": 375.3676727734933,
                "limit_zones": 0.0,
                "startups": 6.0,
                "total_income_eur": 75.36767277349333,
                "volume_exceedance_m3": 2957.128460114327,
                "volume_shortage_m3": 0
            },
            "power": [
                1.1194685676127278,
                0.4674838539284869,
                0.4674838539284869,
                0.4674838539284869,
                0.0,
                0.0,
                0.0,
                0.0,
                0.0,
                0.0,
                0.0,
                0.0,
                0.0,
                0.0,
                0.0,
                0.0,
                0.0,
                0.0,
                0.0,
                0.0,
                0.0,
                0.0,
                0.0,
                0.0,
                0.0,
                0.08054883216626757,
                0.08054883216626757,
                0.08054883216626757,
                0.0,
                0.0,
                0.0,
                0.0,
                0.0,
                0.0,
                0.0814963517643007,
                0.08149635176430536,
                0.08149635176430536,
                4.595226917057903,
                4.595226917057903,
                4.595226917057903,
                0.2366557474447116,
                0.2366557474447116,
                0.2366557474447116,
                0.0750156280095917,
                0.0750156280095917,
                0.0750156280095917,
                0.16304576911727717,
                0.16304576911727717,
                0.16304576911727717,
                0.5071709467558785,
                0.5071709467558785,
                0.5071709467558785,
                0.24308735592554628,
                0.24308735592554628,
                0.24308735592554628,
                0.10791084334208856,
                0.10791084334208856,
                0.10791084334208856,
                0.0,
                0.0,
                0.0,
                1.3290203481576048,
                1.3290203481576048,
                1.329020348157558,
                0.0,
                0.0,
                0.0,
                0.0,
                0.0,
                0.0,
                0.0,
                0.0,
                0.0,
                0.0,
                0.0,
                0.0,
                0.0,
                0.0,
                0.0,
                3.066844702045124,
                3.066844702045124,
                3.0668447020451146,
                0.0,
                0.0,
                0.0,
                0.06011074916676216,
                0.06011074916676216,
                0.06011074916676216,
                0.07068866629210814,
                0.07068866629210814,
                0.07068866629210814,
                0.06811628874728795,
                0.06811628874728795,
                0.06811628874728795,
                0.06710893537055966,
                0.06710893537055966,
                0.06710893537055966
            ],