{
    "configuration": {
        "avoid_limit_zones": false,
        "common_ratio": 0.6,
        "flow_smoothing": 2,
        "limit_zones_penalty": 50,
        "maximize_final_vol": false,
        "mode": "linear",
        "prob_below_half": 0.15,
        "random_biased_flows": false,
        "random_biased_sorting": false,
        "startups_penalty": 50,
        "volume_exceedance_bonus": 0.0,
        "volume_objectives": {},
        "volume_shortage_penalty": 0.0
    },
    "dams": [
        {
            "flows": [
                6.171701355699151,
                6.171701355699151,
                6.171701355699151,
                7.1066945887936495,
                7.1066945887936495,
                7.1066945887936495,
                5.288687249989417,
                5.288687249989417,
                5.288687249989417,
                3.5200299895132283,
                3.5200299895132283,
                3.5200299895132283,
                3.3163105502328043,
                3.3163105502328043,
                3.3163105502328043,
                0.674620192052905,
                0.674620192052905,
                0.674620192052905,
                3.9915328408994712,
                3.9915328408994712,
                3.9915328408994712,
                6.559157868529101,
                6.559157868529101,
                6.559157868529101,
                2.302245850878307,
                2.302245850878307,
                2.302245850878307,
                13.643333333333333,
                13.643333333333333,
                13.643333333333333,
                6.736997790910579e-16,
                6.736997790910579e-16,
                6.736997790910579e-16,
                6.736997790910579e-16,
                6.736997790910579e-16,
                6.736997790910579e-16,
                13.643333333333333,
                13.643333333333333,
                13.643333333333333,
                2.3649602472698406,
                2.3649602472698406,
                2.3649602472698406,
                8.286390222148148,
                8.286390222148148,
                8.286390222148148,
                1.0667011926772492,
                1.0667011926772492,
                1.0667011926772492,
                3.8064345253968255,
                3.8064345253968255,
                3.8064345253968255,
                5.463043576063492,
                5.463043576063492,
                5.463043576063492,
                6.467952068148149,
                6.467952068148149,
                6.467952068148149,
                3.1473121920846556,
                3.1473121920846556,
                3.1473121920846556,
                1.3058383952733688,
                1.3058383952733688,
                1.3058383952733688,
                4.0244351061523456e-15,
                4.0244351061523456e-15,
                4.0244351061523456e-15,
                2.4962331126454993,
                2.4962331126454993,
                2.4962331126454993,
                1.797900834737213,
                1.797900834737213,
                1.797900834737213,
                1.3058383952733688,
                1.3058383952733688,
                1.3058383952733688,
                13.643333333333333,
                13.643333333333333,
                13.643333333333333,
                2.6036614443915354,
                2.6036614443915354,
                2.6036614443915354,
                2.1314848181058204,
                2.1314848181058204,
                2.1314848181058204,
                2.4021172214708995,
                2.4021172214708995,
                2.4021172214708995,
                1.9587575929100536,
                1.9587575929100536,
                1.9587575929100536,
                2.1015336999576713,
                2.1015336999576713,
                2.1015336999576713,
                2.7364392078306885,
                2.7364392078306885,
                2.7364392078306885,
                10.586473142751315
            ],
            "id": "dam1",
            "objective_function_details": {
                "income_from_energy_eur": 993.3361467151893,
                "limit_zones": 12.0,
                "startups": 7.0,
                "total_income_eur": 43.33614671518933,
                "volume_exceedance_m3": 6626.976249447631,
                "volume_shortage_m3": 0
            },
            "power": [
                1.5628431593647854,
                2.167878613590911,
                2.167878613590911,
                2.167878613590911,
                2.2854526129620756,
                2.2854526129620756,
                2.2854526129620756,
                1.901381997418863,
                1.901381997418863,
                1.901381997418863,
                0.8504822617700873,
                0.8504822617700873,
                0.8504822617700873,
                0.7193850300109239,
                0.7193850300109239,
                0.7193850300109239,
                0.0,
                0.0,
                0.0,
                1.1539030781714181,
                1.1539030781714181,
                1.1539030781714181,
                2.216600690054557,
                2.216600690054557,
                2.216600690054557,
                0.25100600025275066,
                0.25100600025275066,
                0.25100600025275066,
                4.595226917057903,
                4.595226917057903,
                4.595226917057903,
                0.0,
                0.0,
                0.0,
                0.0,
                0.0,
                0.0,
                4.595226917057903,
                4.595226917057903,
                4.595226917057903,
                0.2690533085668599,
                0.2690533085668599,
                0.2690533085668599,
                2.7356078251756157,
                2.7356078251756157,
                2.7356078251756113,
                0.0,
                0.0,
                0.0,
                1.034788884398884,
                1.034788884398884,
                1.034788884398884,
                1.9642940738373427,
                1.9642940738373427,
                1.9642940738373427,
                2.2051316971922827,
                2.2051316971922827,
                2.2051316971922827,
                0.6106314569433655,
                0.6106314569433655,
                0.6106314569433655,
                0.0,
                0.0,
                0.0,
                0.0,
                0.0,
                0.0,
                0.30682967270373984,
                0.30682967270373984,
                0.30682967270373984,
                0.10587074380926995,
                0.10587074380926995,
                0.10587074380926995,
                0.0,
                0.0,
                0.0,
                4.595226917057903,
                4.595226917057903,
                4.595226917057903,
                0.3377443005443276,
                0.3377443005443276,
                0.3377443005443276,
                0.20186613470671044,
                0.20186613470671044,
                0.20186613470671044,
                0.27974596301320853,
                0.27974596301320853,
                0.27974596301320853,
                0.1521604583913814,
                0.1521604583913814,
                0.1521604583913814,
                0.1932471079014878,
                0.1932471079014878,
                0.1932471079014878,
                0.3759537288721414,
                0.3759537288721414,
                0.3759537288721414
            ],