{
    "configuration": {
        "avoid_limit_zones": false,
        "common_ratio": 0.6,
        "flow_smoothing": 2,
        "limit_zones_penalty": 50,
        "maximize_final_vol": false,
        "mode": "linear",
        "prob_below_half": 0.15,
        "random_biased_flows": false,
        "random_biased_sorting": false,
        "startups_penalty": 50,
        "volume_exceedance_bonus": 0.0,
        "volume_objectives": {},
        "volume_shortage_penalty": 0.0
    },
    "dams": [
        {
            "flows": [
                13.643333333333333,
                13.643333333333333,
                13.643333333333333,
                13.255911946452672,
                13.255911946452672,
                13.255911946452672,
                13.38294104179894,
                13.38294104179894,
                13.38294104179894,
                11.56737036604233,
                11.56737036604233,
                11.56737036604233,
                9.06382464247619,
                9.06382464247619,
                9.06382464247619,
                13.643333333333333,
                13.643333333333333,
                13.643333333333333,
                13.643333333333333,
                13.643333333333333,
                13.643333333333333,
                13.643333333333333,
                13.643333333333333,
                13.643333333333333,
                8.806602931502644,
                8.806602931502644,
                8.806602931502644,
                4.460559038317462,
                4.460559038317462,
                4.460559038317462,
                11.631688118825394,
                11.631688118825394,
                11.631688118825394,
                11.624262416772488,
                11.624262416772488,
                11.624262416772488,
                8.579316196423278,
                8.579316196423278,
                8.579316196423278,
                7.600623547439153,
                7.600623547439153,
                7.600623547439153,
                7.600623547439153,
                7.600623547439153,
                7.600623547439153,
                11.939165907597884,
                11.939165907597884,
                11.939165907597884,
                13.643333333333333,
                13.643333333333333,
                13.643333333333333,
                12.120880559989416,
                12.120880559989416,
                12.120880559989416,
                7.976804789968255,
                7.976804789968255,
                7.976804789968255,
                5.070209664984124,
                5.070209664984124,
                5.070209664984124,
                3.382421115728395,
                3.382421115728395,
                3.382421115728395,
                7.475469535449735,
                7.475469535449735,
                7.475469535449735,
                4.331962701541446,
                4.331962701541446,
                4.331962701541446,
                3.6274034390370367,
                3.6274034390370367,
                3.6274034390370367,
                5.274695324878307,
                5.274695324878307,
                5.274695324878307,
                13.643333333333333,
                13.643333333333333,
                13.643333333333333,
                6.320592887777777,
                6.320592887777777,
                6.320592887777777,
                8.141702624109348,
                8.141702624109348,
                8.141702624109348,
                10.103290490042328,
                10.103290490042328,
                10.103290490042328,
                13.382103430645504,
                13.382103430645504,
                13.382103430645504,
                13.24402445463492,
                13.24402445463492,
                13.24402445463492,
                9.321174863509704,
                9.321174863509704,
                9.321174863509704,
                14.15
            ],
            "id": "dam1",
            "objective_function_details": {
                "income_from_energy_eur": 3406.1450059518934,
                "limit_zones": 12.0,
                "startups": 4.0,
                "total_income_eur": 2606.1450059518934,
                "volume_exceedance_m3": 21484.644728257073,
                "volume_shortage_m3": 0
            },
            "power": [
                4.3609076814566405,
                4.595226917057903,
                4.595226917057903,
                4.595226917057903,
                4.484275252270483,
                4.484275252270483,
                4.484275252270483,
                4.5206544767593195,
                4.5206544767593195,
                4.5206544767593195,
                4.000702311401794,
                4.000702311401794,
                4.000702311401794,
                3.185471562781167,
                3.185471562781167,
                3.185471562781167,
                4.595226917057903,
                4.595226917057903,
                4.595226917057903,
                4.595226917057903,
                4.595226917057903,
                4.595226917057903,
                4.595226917057903,
                4.595226917057903,
                4.595226917057903,
                3.036629786206588,
                3.036629786206588,
                3.036629786206588,
                1.455730121880216,
                1.455730121880216,
                1.455730121880216,
                4.019121949522764,
                4.0191219495227655,
                4.0191219495227655,
                4.016995340014656,
                4.016995340014656,
                4.016995340014656,
                2.9051099338853827,
                2.9051099338853827,
                2.9051099338853827,
                2.3475634400971392,
                2.3475634400971392,
                2.3475634400971392,
                2.3475634400971392,
                2.3475634400971392,
                2.3475634400971392,
                4.107178968842584,
                4.107178968842587,
                4.107178968842587,
                4.595226917057903,
                4.595226917057903,
                4.595226917057903,
                4.159219315302132,
                4.159219315302132,
                4.159219315302132,
                2.556465693071517,
                2.556465693071517,
                2.556465693071517,
                1.8225498791179828,
                1.8225498791179828,
                1.8225498791179828,
                0.7619284031770706,
                0.7619284031770706,
                0.7619284031770706,
                2.3318255104457757,
                2.3318255104457757,
                2.3318255104457757,
                1.3729759977512095,
                1.3729759977512095,
                1.3729759977512095,
                0.9195790649358725,
                0.9195790649358725,
                0.9195790649358725,
                1.8963333646468146,
                1.8963333646468088,
                1.8963333646468117,
                4.595226917057903,
                4.595226917057903,
                4.595226917057903,
                2.1866015008582838,
                2.1866015008582838,
                2.1866015008582838,
                2.6518841027149618,
                2.6518841027149573,
                2.6518841027149618,
                3.581411830481606,
                3.581411830481606,
                3.581411830481606,
                4.520414597508806,
                4.520414597508806,
                4.520414597508806,
                4.480870853205305,
                4.480870853205305,
                4.480870853205305,
                3.3343877019185384,
                3.3343877019185384,
                3.3343877019185384
            ],