{
    "configuration": {
        "avoid_limit_zones": false,
        "common_ratio": 0.6,
        "flow_smoothing": 2,
        "limit_zones_penalty": 50,
        "maximize_final_vol": false,
        "mode": "linear",
        "prob_below_half": 0.15,
        "random_biased_flows": false,
        "random_biased_sorting": false,
        "startups_penalty": 50,
        "volume_exceedance_bonus": 0.0,
        "volume_objectives": {},
        "volume_shortage_penalty": 0.0
    },
    "dams": [
        {
            "flows": [
                4.158726056444444,
                4.158726056444444,
                4.158726056444444,
                0.3677416957918881,
                0.3677416957918881,
                0.3677416957918881,
                6.947528971876536e-16,
                6.947528971876536e-16,
                6.947528971876536e-16,
                0.0,
                0.0,
                0.0,
                0.0,
                0.0,
                0.0,
                0.0,
                0.0,
                0.0,
                0.0,
                0.0,
                0.0,
                0.37656859996472686,
                0.37656859996472686,
                0.37656859996472686,
                0.5648528999470899,
                0.5648528999470899,
                0.5648528999470899,
                0.37040098631745844,
                0.37040098631745844,
                0.37040098631745844,
                0.3753809651216949,
                0.3753809651216949,
                0.3753809651216949,
                3.3084297439470896,
                3.3084297439470896,
                3.3084297439470896,
                0.3753809651216949,
                0.3753809651216949,
                0.3753809651216949,
                0.0,
                0.0,
                0.0,
                0.0,
                0.0,
                0.0,
                1.2631870857957337e-15,
                1.2631870857957337e-15,
                1.2631870857957337e-15,
                0.09601353780952726,
                0.09601353780952726,
                0.09601353780952726,
                0.20638416180952038,
                0.20638416180952038,
                0.20638416180952038,
                0.5164365692804267,
                0.5164365692804267,
                0.5164365692804267,
                0.9732105864656084,
                0.9732105864656084,
                0.9732105864656084,
                0.2770964746243386,
                0.2770964746243386,
                0.2770964746243386,
                2.9052758069876536,
                2.9052758069876536,
                2.9052758069876536,
                0.5164365692804267,
                0.5164365692804267,
                0.5164365692804267,
                0.0,
                0.0,
                0.0,
                0.5314013446984126,
                0.5314013446984126,
                0.5314013446984126,
                0.5314013446984126,
                0.5314013446984126,
                0.5314013446984126,
                0.789948535925926,
                0.789948535925926,
                0.789948535925926,
                0.8050587025820122,
                0.8050587025820122,
                0.8050587025820122,
                13.643333333333333,
                13.643333333333333,
                13.643333333333333,
                1.0515298284303356,
                1.0515298284303356,
                1.0515298284303356,
                0.7985298917460315,
                0.7985298917460315,
                0.7985298917460315,
                0.26570979312169074,
                0.26570979312169074,
                0.26570979312169074,
                2.400682311269825
            ],
            "id": "dam1",
            "objective_function_details": {
                "income_from_energy_eur": 262.3177729401228,
                "limit_zones": 0.0,
                "startups": 3.0,
                "total_income_eur": 112.31777294012278,
                "volume_exceedance_m3": 1439.0570675142953,
                "volume_shortage_m3": 0
            },
            "power": [
                0.7953574951772485,
                1.2614950085452685,
                1.2614950085452685,
                1.2614950085452685,
                0.0,
                0.0,
                0.0,
                0.0,
                0.0,
                0.0,
                0.0,
                0.0,
                0.0,
                0.0,
                0.0,
                0.0,
                0.0,
                0.0,
                0.0,
                0.0,
                0.0,
                0.0,
                0.0,
                0.0,
                0.0,
                0.0,
                0.0,
                0.0,
                0.0,
                0.0,
                0.0,
                0.0,
                0.0,
                0.0,
                0.7143135852252082,
                0.7143135852252082,
                0.7143135852252082,
                0.0,
                0.0,
                0.0,
                0.0,
                0.0,
                0.0,
                0.0,
                0.0,
                0.0,
                0.0,
                0.0,
                0.0,
                0.0,
                0.0,
                0.0,
                0.0,
                0.0,
                0.0,
                0.0,
                0.0,
                0.0,
                0.0,
                0.0,
                0.0,
                0.0,
                0.0,
                0.0,
                0.454876560978171,
                0.454876560978171,
                0.4548765609781658,
                0.0,
                0.0,
                0.0,
                0.0,
                0.0,
                0.0,
                0.0,
                0.0,
                0.0,
                0.0,
                0.0,
                0.0,
                0.0,
                0.0,
                0.0,
                0.0,
                0.0,
                0.0,
                4.595226917057903,
                4.595226917057903,
                4.595226917057903,
                0.0,
                0.0,
                0.0,
                0.0,
                0.0,
                0.0,
                0.0,
                0.0,
                0.0
            ],