{
    "configuration": {
        "avoid_limit_zones": false,
        "common_ratio": 0.6,
        "flow_smoothing": 2,
        "limit_zones_penalty": 50,
        "maximize_final_vol": false,
        "mode": "linear",
        "prob_below_half": 0.15,
        "random_biased_flows": false,
        "random_biased_sorting": false,
        "startups_penalty": 50,
        "volume_exceedance_bonus": 0.0,
        "volume_objectives": {},
        "volume_shortage_penalty": 0.0
    },
    "dams": [
        {
            "flows": [
                7.608921630689024,
                7.608921630689024,
                7.608921630689024,
                6.409047511650795,
                6.409047511650795,
                6.409047511650795,
                6.025281159767195,
                6.025281159767195,
                6.025281159767195,
                4.743156521989419,
                4.743156521989419,
                4.743156521989419,
                5.703866303936507,
                5.703866303936507,
                5.703866303936507,
                6.296285972148148,
                6.296285972148148,
                6.296285972148148,
                6.296285972148148,
                6.296285972148148,
                6.296285972148148,
                7.878608859555558,
                7.878608859555558,
                7.878608859555558,
                11.253345297724865,
                11.253345297724865,
                11.253345297724865,
                9.856979690814816,
                9.856979690814816,
                9.856979690814816,
                7.5363750747724865,
                7.5363750747724865,
                7.5363750747724865,
                7.5363750747724865,
                7.5363750747724865,
                7.5363750747724865,
                13.643333333333333,
                13.643333333333333,
                13.643333333333333,
                10.795749837100528,
                10.795749837100528,
                10.795749837100528,
                7.9671306822751315,
                7.9671306822751315,
                7.9671306822751315,
                10.982845736825396,
                10.982845736825396,
                10.982845736825396,
                11.227483838835978,
                11.227483838835978,
                11.227483838835978,
                12.275309417820107,
                12.275309417820107,
                12.275309417820107,
                5.015564187121693,
                5.015564187121693,
                5.015564187121693,
                5.015564187121693,
                5.015564187121693,
                5.015564187121693,
                5.015564187121693,
                5.015564187121693,
                5.015564187121693,
                8.921317699597887,
                8.921317699597887,
                8.921317699597887,
                4.495742506285713,
                4.495742506285713,
                4.495742506285713,
                4.495742506285713,
                4.495742506285713,
                4.495742506285713,
                9.247383774084655,
                9.247383774084655,
                9.247383774084655,
                13.643333333333333,
                13.643333333333333,
                13.643333333333333,
                11.862022638991178,
                11.862022638991178,
                11.862022638991178,
                11.304169726814816,
                11.304169726814816,
                11.304169726814816,
                10.264139634486773,
                10.264139634486773,
                10.264139634486773,
                9.059027380211639,
                9.059027380211639,
                9.059027380211639,
                11.384215487682539,
                11.384215487682539,
                11.384215487682539,
                10.398439577978834,
                10.398439577978834,
                10.398439577978834,
                14.15
            ],
            "id": "dam1",
            "objective_function_details": {
                "income_from_energy_eur": 2827.4179939964206,
                "limit_zones": 21.0,
                "startups": 4.0,
                "total_income_eur": 1577.4179939964206,
                "volume_exceedance_m3": 18755.433579485725,
                "volume_shortage_m3": 0
            },
            "power": [
                2.653250575270198,
                2.34860691164353,
                2.34860691164353,
                2.34860691164353,
                2.197724537393214,
                2.197724537393214,
                2.197724537393214,
                2.1494664931443785,
                2.149466493144377,
                2.1494664931443785,
                1.6375868359098558,
                1.6375868359098558,
                1.6375868359098558,
                2.0511888725544085,
                2.0511888725544085,
                2.0511888725544085,
                2.183544942605456,
                2.183544942605456,
                2.183544942605456,
                2.183544942605456,
                2.183544942605456,
                2.183544942605456,
                2.499644452439452,
                2.499644452439452,
                2.499644452439452,
                3.910770249583177,
                3.910770249583177,
                3.910770249583177,
                3.5108721180267786,
                3.5108721180267786,
                3.5108721180267786,
                2.3394842908396543,
                2.3394842908396534,
                2.3394842908396534,
                2.3394842908396534,
                2.3394842908396534,
                2.3394842908396534,
                4.595226917057903,
                4.595226917057903,
                4.595226917057903,
                3.7797217843339537,
                3.7797217843339537,
                3.7797217843339537,
                2.550867754350217,
                2.550867754350217,
                2.550867754350217,
                3.8333032391847373,
                3.8333032391847373,
                3.8333032391847373,
                3.9033639162863594,
                3.9033639162863594,
                3.9033639162863594,
                4.203445420126885,
                4.203445420126885,
                4.203445420126885,
                1.802832438652157,
                1.802832438652157,
                1.802832438652157,
                1.802832438652157,
                1.802832438652157,
                1.802832438652157,
                1.802832438652157,
                1.80283243865216,
                1.802832438652154,
                3.1030096801043965,
                3.1030096801043965,
                3.1030096801043965,
                1.4783713350634948,
                1.4783713350634948,
                1.4783713350634948,
                1.4783713350634948,
                1.4783713350634948,
                1.4783713350634948,
                3.2916883636557284,
                3.2916883636557284,
                3.2916883636557284,
                4.595226917057903,
                4.595226917057903,
                4.595226917057903,
                4.085086295673529,
                4.085086295673529,
                4.085086295673529,
                3.9253256025150405,
                3.9253256025150405,
                3.9253256025150405,
                3.6274766089375268,
                3.6274766089375268,
                3.6274766089375268,
                3.182695618886509,
                3.182695618886509,
                3.182695618886509,
                3.9482495058621354,
                3.9482495058621354,
                3.9482495058621354,
                3.66593809510192,
                3.66593809510192,
                3.66593809510192
            ],