{
    "configuration": {
        "avoid_limit_zones": false,
        "common_ratio": 0.6,
        "flow_smoothing": 2,
        "limit_zones_penalty": 50,
        "maximize_final_vol": false,
        "mode": "linear",
        "prob_below_half": 0.15,
        "random_biased_flows": false,
        "random_biased_sorting": false,
        "startups_penalty": 50,
        "volume_exceedance_bonus": 0.0,
        "volume_objectives": {},
        "volume_shortage_penalty": 0.0
    },
    "dams": [
        {
            "flows": [
                7.97005387223582,
                7.97005387223582,
                7.97005387223582,
                7.988575927457024,
                7.988575927457024,
                7.988575927457024,
                6.278894265150147,
                6.278894265150147,
                6.278894265150147,
                4.324171432282422,
                4.324171432282422,
                4.324171432282422,
                5.1043087999967085,
                5.1043087999967085,
                5.1043087999967085,
                6.444404937251432,
                6.444404937251432,
                6.444404937251432,
                5.510452320464719,
                5.510452320464719,
                5.510452320464719,
                5.510452320464719,
                5.510452320464719,
                5.510452320464719,
                5.510452320464719,
                5.510452320464719,
                5.510452320464719,
                8.265678480697078,
                8.265678480697078,
                8.265678480697078,
                6.495646739866433,
                6.495646739866433,
                6.495646739866433,
                13.643333333333333,
                13.643333333333333,
                13.643333333333333,
                13.643333333333333,
                13.643333333333333,
                13.643333333333333,
                8.006781338041703,
                8.006781338041703,
                8.006781338041703,
                4.59888171821893,
                4.59888171821893,
                4.59888171821893,
                4.877961646229513,
                4.877961646229513,
                4.877961646229513,
                6.420150971943796,
                6.420150971943796,
                6.420150971943796,
                7.585617282885598,
                7.585617282885598,
                7.585617282885598,
                5.207360440716285,
                5.207360440716285,
                5.207360440716285,
                5.973366611721576,
                5.973366611721576,
                5.973366611721576,
                5.545151958758613,
                5.545151958758613,
                5.545151958758613,
                6.498062589503975,
                6.498062589503975,
                6.498062589503975,
                11.771615263128982,
                11.771615263128982,
                11.771615263128982,
                7.872770767889556,
                7.872770767889556,
                7.872770767889556,
                5.610821306335332,
                5.610821306335332,
                5.610821306335332,
                7.841094527307545,
                7.841094527307545,
                7.841094527307545,
                5.610821306335332,
                5.610821306335332,
                5.610821306335332,
                7.411469659095695,
                7.411469659095695,
                7.411469659095695,
                9.628713210287048,
                9.628713210287048,
                9.628713210287048,
                13.643333333333333,
                13.643333333333333,
                13.643333333333333,
                11.11720448864354,
                11.11720448864354,
                11.11720448864354,
                9.932503953807773,
                9.932503953807773,
                9.932503953807773,
                14.15
            ],
            "id": "dam1",
            "objective_function_details": {
                "income_from_energy_eur": 6626.592134361281,
                "limit_zones": 24.0,
                "startups": 6.0,
                "total_income_eur": 5126.592134361281,
                "volume_exceedance_m3": 22815.4715584893,
                "volume_shortage_m3": 0
            },
            "power": [
                1.8681508342497133,
                2.5525592631476934,
                2.5525592631476934,
                2.5525592631476934,
                2.563277081618392,
                2.563277081618392,
                2.563277081618392,
                2.181357961485947,
                2.181357961485947,
                2.181357961485947,
                1.3679621717002628,
                1.3679621717002628,
                1.3679621717002628,
                1.8348536907204618,
                1.8348536907204618,
                1.8348536907204618,
                2.202170680732216,
                2.202170680732216,
                2.202170680732216,
                1.9814003218171652,
                1.9814003218171652,
                1.9814003218171652,
                1.9814003218171652,
                1.9814003218171652,
                1.9814003218171652,
                1.9814003218171652,
                1.9814003218171652,
                1.9814003218171652,
                2.7236229410775246,
                2.7236229410775246,
                2.7236229410775246,
                2.208614260701767,
                2.208614260701767,
                2.208614260701767,
                4.595226917057903,
                4.595226917057903,
                4.595226917057903,
                4.595226917057903,
                4.595226917057903,
                4.595226917057903,
                2.5738116731364893,
                2.5738116731364893,
                2.5738116731364893,
                1.5447433279279243,
                1.5447433279279243,
                1.5447433279279243,
                1.724336429749549,
                1.724336429749549,
                1.724336429749549,
                2.199120780903112,
                2.199120780903112,
                2.199120780903112,
                2.345676424793998,
                2.345676424793997,
                2.345676424793997,
                1.8720372724234018,
                1.8720372724234018,
                1.8720372724234018,
                2.1429383164440305,
                2.1429383164440305,
                2.1429383164440305,
                1.9939208098613543,
                1.9939208098613543,
                1.9939208098613543,
                2.208918050177147,
                2.208918050177147,
                2.208918050177147,
                4.059194981459473,
                4.059194981459473,
                4.059194981459473,
                2.49626623085744,
                2.49626623085744,
                2.4962662308574446,
                2.0176159352756375,
                2.0176159352756375,
                2.0176159352756375,
                2.4779367208577368,
                2.4779367208577368,
                2.4779367208577368,
                2.0176159352756375,
                2.0176159352756375,
                2.0176159352756375,
                2.3237776218024533,
                2.3237776218024533,
                2.3237776218024533,
                3.445500027359201,
                3.445500027359201,
                3.445500027359201,
                4.595226917057903,
                4.595226917057903,
                4.595226917057903,
                3.871781567170215,
                3.871781567170215,
                3.871781567170215,
                3.5325011323111455,
                3.5325011323111455,
                3.5325011323111455
            ],