{
    "configuration": {
        "avoid_limit_zones": false,
        "common_ratio": 0.6,
        "flow_smoothing": 2,
        "limit_zones_penalty": 50,
        "maximize_final_vol": false,
        "mode": "linear",
        "prob_below_half": 0.15,
        "random_biased_flows": false,
        "random_biased_sorting": false,
        "startups_penalty": 50,
        "volume_exceedance_bonus": 0.0,
        "volume_objectives": {},
        "volume_shortage_penalty": 0.0
    },
    "dams": [
        {
            "flows": [
                3.4964537830071722,
                3.4964537830071722,
                3.4964537830071722,
                3.6333279648129424,
                3.6333279648129424,
                3.6333279648129424,
                3.6477260626859582,
                3.6477260626859582,
                3.6477260626859582,
                3.63292540322564,
                3.63292540322564,
                3.63292540322564,
                1.4612082536426836,
                1.4612082536426836,
                1.4612082536426836,
                0.0,
                0.0,
                0.0,
                2.3229022841116262,
                2.3229022841116262,
                2.3229022841116262,
                2.334106940464361,
                2.334106940464361,
                2.334106940464361,
                2.3229022841116262,
                2.3229022841116262,
                2.3229022841116262,
                3.4838806296489206,
                3.4838806296489206,
                3.4838806296489206,
                3.4838806296489206,
                3.4838806296489206,
                3.4838806296489206,
                3.4838806296489206,
                3.4838806296489206,
                3.4838806296489206,
                13.643333333333333,
                13.643333333333333,
                13.643333333333333,
                4.640422852826427,
                4.640422852826427,
                4.640422852826427,
                3.4865791848446883,
                3.4865791848446883,
                3.4865791848446883,
                1.1634408593785583,
                1.1634408593785583,
                1.1634408593785583,
                3.491806377236223,
                3.491806377236223,
                3.491806377236223,
                3.4871985320192915,
                3.4871985320192915,
                3.4871985320192915,
                2.605254989098845,
                2.605254989098845,
                2.605254989098845,
                2.323885780005806,
                2.323885780005806,
                2.323885780005806,
                2.3200107270252035,
                2.3200107270252035,
                2.3200107270252035,
                2.2809737637780254e-15,
                2.2809737637780254e-15,
                2.2809737637780254e-15,
                3.486843274146275,
                3.486843274146275,
                3.486843274146275,
                2.3291391533708854,
                2.3291391533708854,
                2.3291391533708854,
                2.3251210511909917,
                2.3251210511909917,
                2.3251210511909917,
                3.4865999500192926,
                3.4865999500192926,
                3.4865999500192926,
                13.643333333333333,
                13.643333333333333,
                13.643333333333333,
                4.6520568016694614,
                4.6520568016694614,
                4.6520568016694614,
                3.491317600135693,
                3.491317600135693,
                3.491317600135693,
                3.48719804406162,
                3.48719804406162,
                3.48719804406162,
                3.4919961959346355,
                3.4919961959346355,
                3.4919961959346355,
                3.4870885882944234,
                3.4870885882944234,
                3.4870885882944234,
                3.4549909350334262
            ],
            "id": "dam1",
            "objective_function_details": {
                "income_from_energy_eur": 4727.436565501155,
                "limit_zones": 0.0,
                "startups": 5.0,
                "total_income_eur": 4477.436565501155,
                "volume_exceedance_m3": 1.2972438858123496,
                "volume_shortage_m3": 0
            },
            "power": [
                0.5577130845623162,
                0.8353105362870229,
                0.8353105362870229,
                0.8353105362870229,
                0.9233916069861053,
                0.9233916069861053,
                0.9233916069861053,
                0.932657049598832,
                0.932657049598832,
                0.932657049598832,
                0.923132551149833,
                0.923132551149833,
                0.923132551149833,
                0.008980792415160189,
                0.008980792415160189,
                0.008980792415160189,
                0.0,
                0.0,
                0.0,
                0.2569502975860789,
                0.2569502975860789,
                0.2569502975860789,
                0.26017465912643434,
                0.26017465912643434,
                0.26017465912643434,
                0.2569502975860789,
                0.2569502975860789,
                0.2569502975860789,
                0.8272194792648144,
                0.8272194792648144,
                0.8272194792648144,
                0.8272194792648144,
                0.8272194792648144,
                0.8272194792648144,
                0.8272194792648144,
                0.8272194792648144,
                0.8272194792648144,
                4.595226917057903,
                4.595226917057903,
                4.595226917057903,
                1.5714758173281167,
                1.5714758173281167,
                1.5714758173281167,
                0.8289560495065327,
                0.8289560495065381,
                0.8289560495065381,
                0.0,
                0.0,
                0.0,
                0.8323198446103476,
                0.8323198446103476,
                0.8323198446103476,
                0.8293546108827823,
                0.8293546108827823,
                0.8293546108827823,
                0.33820287456081916,
                0.33820287456081916,
                0.33820287456081916,
                0.25723331798728155,
                0.25723331798728155,
                0.25723331798728155,
                0.2561181948273966,
                0.2561181948273966,
                0.2561181948273966,
                0.0,
                0.0,
                0.0,
                0.8291259958626469,
                0.8291259958626469,
                0.8291259958626469,
                0.2587450801067294,
                0.2587450801067294,
                0.2587450801067294,
                0.25758879170963844,
                0.25758879170963844,
                0.25758879170963844,
                0.8289694122809328,
                0.8289694122809328,
                0.8289694122809328,
                4.595226917057903,
                4.595226917057903,
                4.595226917057903,
                1.5789624788521057,
                1.5789624788521057,
                1.5789624788521057,
                0.8320053074947293,
                0.8320053074947293,
                0.8320053074947293,
                0.8293542968729872,
                0.8293542968729872,
                0.8293542968729872,
                0.8324419964579357,
                0.8324419964579357,
                0.8324419964579357,
                0.8292838600598347,
                0.8292838600598402,
                0.8292838600598402
            ],