{
    "configuration": {
        "avoid_limit_zones": false,
        "common_ratio": 0.6,
        "flow_smoothing": 2,
        "limit_zones_penalty": 50,
        "maximize_final_vol": false,
        "mode": "linear",
        "prob_below_half": 0.15,
        "random_biased_flows": false,
        "random_biased_sorting": false,
        "startups_penalty": 50,
        "volume_exceedance_bonus": 0.0,
        "volume_objectives": {},
        "volume_shortage_penalty": 0.0
    },
    "dams": [
        {
            "flows": [
                2.3867673812342654,
                2.3867673812342654,
                2.3867673812342654,
                3.4032571987326876,
                3.4032571987326876,
                3.4032571987326876,
                3.5306775272285322,
                3.5306775272285322,
                3.5306775272285322,
                2.6936118537722873,
                2.6936118537722873,
                2.6936118537722873,
                5.894873067046758e-16,
                5.894873067046758e-16,
                5.894873067046758e-16,
                5.894873067046758e-16,
                5.894873067046758e-16,
                5.894873067046758e-16,
                2.184985948720254,
                2.184985948720254,
                2.184985948720254,
                2.184985948720254,
                2.184985948720254,
                2.184985948720254,
                3.2788396120116,
                3.2788396120116,
                3.2788396120116,
                2.206347384540361,
                2.206347384540361,
                2.206347384540361,
                2.1662929264557054,
                2.1662929264557054,
                2.1662929264557054,
                13.643333333333333,
                13.643333333333333,
                13.643333333333333,
                4.287621409969613,
                4.287621409969613,
                4.287621409969613,
                3.2549214403184794,
                3.2549214403184794,
                3.2549214403184794,
                2.2563836438313642,
                2.2563836438313642,
                2.2563836438313642,
                0.0,
                0.0,
                0.0,
                9.88355248720208,
                9.88355248720208,
                9.88355248720208,
                1.214725916264891,
                1.214725916264891,
                1.214725916264891,
                4.698312467609822,
                4.698312467609822,
                4.698312467609822,
                2.671118989143538,
                2.671118989143538,
                2.671118989143538,
                0.0,
                0.0,
                0.0,
                3.642009074649912,
                3.642009074649912,
                3.642009074649912,
                2.605150316000678,
                2.605150316000678,
                2.605150316000678,
                2.605150316000678,
                2.605150316000678,
                2.605150316000678,
                2.605150316000678,
                2.605150316000678,
                2.605150316000678,
                6.177805838847581,
                6.177805838847581,
                6.177805838847581,
                13.643333333333333,
                13.643333333333333,
                13.643333333333333,
                6.864576656646862,
                6.864576656646862,
                6.864576656646862,
                5.445142199641231,
                5.445142199641231,
                5.445142199641231,
                1.3324252843812878,
                1.3324252843812878,
                1.3324252843812878,
                1.5626911641590735,
                1.5626911641590735,
                1.5626911641590735,
                11.7949571913992,
                11.7949571913992,
                11.7949571913992,
                3.468604705275417
            ],
            "id": "dam1",
            "objective_function_details": {
                "income_from_energy_eur": 4427.179847486315,
                "limit_zones": 6.0,
                "startups": 8.0,
                "total_income_eur": 3727.1798474863153,
                "volume_exceedance_m3": 0,
                "volume_shortage_m3": 0
            },
            "power": [
                0.6839325448827162,
                0.27532874280122727,
                0.27532874280122727,
                0.27532874280122727,
                0.7753368084437211,
                0.7753368084437211,
                0.7753368084437211,
                0.857334149466507,
                0.857334149466507,
                0.857334149466507,
                0.36362931043806757,
                0.36362931043806757,
                0.36362931043806757,
                0.0,
                0.0,
                0.0,
                0.0,
                0.0,
                0.0,
                0.21726214351661968,
                0.21726214351661968,
                0.21726214351661968,
                0.21726214351661968,
                0.21726214351661968,
                0.21726214351661968,
                0.695271787359319,
                0.695271787359319,
                0.695271787359319,
                0.22340931929218935,
                0.22340931929218935,
                0.22340931929218935,
                0.211882856534017,
                0.211882856534017,
                0.211882856534017,
                4.595226917057903,
                4.595226917057903,
                4.595226917057903,
                1.3444415554897038,
                1.3444415554897038,
                1.3444415554897038,
                0.6798800009456879,
                0.6798800009456879,
                0.6798800009456879,
                0.2378082428291705,
                0.2378082428291705,
                0.2378082428291705,
                0.0,
                0.0,
                0.0,
                3.5184821676963702,
                3.5184821676963702,
                3.5184821676963702,
                0.0,
                0.0,
                0.0,
                1.6087288564711328,
                1.6087288564711328,
                1.6087288564711328,
                0.3571565436384284,
                0.3571565436384284,
                0.3571565436384284,
                0.0,
                0.0,
                0.0,
                0.9289780619274901,
                0.9289780619274901,
                0.9289780619274901,
                0.3381727528059507,
                0.3381727528059507,
                0.3381727528059507,
                0.3381727528059507,
                0.3381727528059507,
                0.3381727528059507,
                0.3381727528059507,
                0.3381727528059507,
                0.3381727528059507,
                2.168646243208378,
                2.168646243208378,
                2.168646243208378,
                4.595226917057903,
                4.595226917057903,
                4.595226917057903,
                2.2550066454466116,
                2.2550066454466116,
                2.2550066454466116,
                1.9578348143035358,
                1.9578348143035358,
                1.95783481430353,
                0.0,
                0.0,
                0.0,
                0.038184507671675916,
                0.038184507671675916,
                0.038184507671675916,
                4.065879759039208,
                4.065879759039208,
                4.065879759039201
            ],