{
  "dams": [
    {
      "vol_min": 0.0,
      "vol_max": 999.0,
      "initial_vol": 63174.96,
      "unreg_flow": 2.94,
      "relevant_lags": [
        1,
        2
      ],
      "initial_lags": [
        6.53,
        5.97
      ],
      "max_flow_points": [
        [
          0,
          0
        ],
        [
          0,
          0
        ],
        [
          0,
          0
        ]
      ]
    },
    {
      "vol_min": 0.0,
      "vol_max": 999.0,
      "initial_vol": 36500.36,
      "unreg_flow": 0.23,
      "relevant_lags": [
        3,
        4,
        5
      ],
      "initial_lags": [
        6.54,
        6.64,
        6.82,
        6.96,
        7.01
      ],
      "max_flow_points": [
        [
          0,
          0
        ],
        [
          0,
          0
        ],
        [
          0,
          0
        ]
      ]
    }
  ],
  "incoming_flow_in_day": [
    10.488607072,
    9.008515206603175,
    8.623630090095238,
    9.270610290825397,
    12.183834743682539,
    14.033228378539683,
    11.586181120380951,
    6.387857760730158,
    4.622504684698413,
    4.2178562444444445,
    3.7963069338095234,
    3.7108562767619047,
    6.03258186111111,
    8.147335470603174,
    3.9875176199999998,
    3.44021997384127,
    8.216412536380952,
    13.790253456031744,
    12.616048305174601,
    10.798865787142859,
    12.278453155301587,
    14.176420022380952,
    13.661918322190477,
    8.744009625619046,
    9.88515994295238,
    13.22285580438095,
    14.07593756984127,
    10.066702846825397,
    7.8265457738412705,
    8.109395147492062,
    6.656181935396824,
    5.591055616507936,
    3.452884534095238,
    2.203083337238095,
    2.185949719174603,
    2.1870847920317456,
    2.1818495346349205,
    2.1931669370793654,
    2.1731184323809525,
    2.2054096762222226,
    2.190102755111111,
    2.189104954412698,
    2.171474068857143,
    2.1799964355238095,
    2.1728355865079365,
    2.178109218285714,
    2.1794571384761903,
    2.1815536495238095,
    2.1650798207301585,
    2.172178321492064,
    2.1600269949206345,
    2.154258796095238,
    2.139697542349206,
    2.1425228213650795,
    2.1465005837777777,
    2.148880112666667,
    2.142952464984127,
    2.137433445714285,
    2.13878693847619,
    2.1460881744126983,
    2.1440847072698417,
    2.1456509792063487,
    2.1263274295238093,
    2.1090238529206347,
    2.0965800550476192,
    2.0992566007619047,
    2.096648494507936,
    2.1059625602222223,
    2.0995142723492064,
    2.0945294680317454,
    2.088447689968254,
    2.0933758001904765,
    2.0868268826666663,
    2.097335679174603,
    2.0799105678095238,
    2.0615063073968254,
    2.073723321904762,
    2.0946650863492065,
    2.0999818453650794,
    2.123077729333333,
    2.1081286744126984,
    2.0991857032380956,
    2.08715485584127,
    2.095441638380952,
    2.1062568879682537,
    2.1052484946031744,
    2.1130832717777777,
    2.115064976793651,
    2.103943595936508,
    2.105232255809524,
    2.1254680685396825,
    2.5036686924444442,
    3.4544983969206347,
    3.533125145142857,
    4.870944180031746,
    8.107632731238095
  ],
  "time_step_minutes": 15
}