{
    "dams": [
        {
            "flow_limit": {
                "exists": false
            },
            "flow_max": 14.15,
            "id": "dam1",
            "initial_lags": [
                6.531456628888889,
                5.967363387619047
            ],
            "initial_vol": 63174.96142761603,
            "order": 1,
            "relevant_lags": [
                1,
                2
            ],
            "shutdown_flows": [
                1.428571429,
                5.952380952
            ],
            "startup_flows": [
                1.428571429,
                7.619047619
            ],
            "turbined_flow": {
                "observed_flows": [
                    1.43,
                    2.82,
                    4.98,
                    5.95,
                    7.62,
                    9.4,
                    13.66,
                    15.24
                ],
                "observed_powers": [
                    0.0,
                    0.4,
                    1.79,
                    2.14,
                    2.35,
                    3.38,
                    4.6,
                    4.6
                ]
            },
            "unregulated_flow_max": 14.670018869093832,
            "unregulated_flows": [
                2.9415195644022916,
                2.9415195644022916,
                2.9415195644022916,
                2.9415195644022916,
                2.9415195644022916,
                2.9415195644022916,
                2.9415195644022916,
                2.9415195644022916,
                2.9415195644022916,
                2.9415195644022916,
                2.9415195644022916,
                2.9415195644022916,
                2.9415195644022916,
                2.9415195644022916,
                2.9415195644022916,
                2.9415195644022916,
                2.9415195644022916,
                2.9415195644022916,
                2.9415195644022916,
                2.9415195644022916,
                2.9415195644022916,
                2.9415195644022916,
                2.9415195644022916,
                2.9415195644022916,
                2.9415195644022916,
                2.9415195644022916,
                2.9415195644022916,
                2.9415195644022916,
                2.9415195644022916,
                2.9415195644022916,
                2.9415195644022916,
                2.9415195644022916,
                2.9415195644022916,
                2.9415195644022916,
                2.9415195644022916,
                2.9415195644022916,
                2.9415195644022916,
                2.9415195644022916,
                2.9415195644022916,
                2.9415195644022916,
                2.9415195644022916,
                2.9415195644022916,
                2.9415195644022916,
                2.9415195644022916,
                2.9415195644022916,
                2.9415195644022916,
                2.9415195644022916,
                2.9415195644022916,
                2.9415195644022916,
                2.9415195644022916,
                2.9415195644022916,
                2.9415195644022916,
                2.9415195644022916,
                2.9415195644022916,
                2.9415195644022916,
                2.9415195644022916,
                2.9415195644022916,
                2.9415195644022916,
                2.9415195644022916,
                2.9415195644022916,
                2.9415195644022916,
                2.9415195644022916,
                2.9415195644022916,
                2.9415195644022916,
                2.9415195644022916,
                2.9415195644022916,
                2.9415195644022916,
                2.9415195644022916,
                2.9415195644022916,
                2.9415195644022916,
                2.9415195644022916,
                2.9415195644022916,
                2.9415195644022916,
                2.9415195644022916,
                2.9415195644022916,
                2.9415195644022916,
                2.9415195644022916,
                2.9415195644022916,
                2.9415195644022916,
                2.9415195644022916,
                2.9415195644022916,
                2.9415195644022916,
                2.9415195644022916,
                2.9415195644022916,
                2.9415195644022916,
                2.9415195644022916,
                2.9415195644022916,
                2.9415195644022916,
                2.9415195644022916,
                2.9415195644022916,
                2.9415195644022916,
                2.9415195644022916,
                2.9415195644022916,
                2.9415195644022916,
                2.9415195644022916,
                2.9415195644022916,
                3.461708656862377,
                3.461708656862377,
                3.461708656862377
            ],
            "vol_max": 70882.0,
            "vol_min": 34045.0
        },
        {
            "flow_limit": {
                "exists": true,
                "observed_flows": [
                    0.424,
                    4.571,
                    8.062,
                    12.138,
                    16.186,
                    19.048,
                    19.048
                ],
                "observed_vols": [
                    0.0,
                    23810.0,
                    48371.0,
                    71429.0,
                    95238.0,
                    110476.0,
                    114286.0
                ]
            },
            "flow_max": 11.27,
            "id": "dam2",
            "initial_lags": [
                6.54349932166857,
                6.641890522114285,
                6.8211050852734925,
                6.957551972459048,
                7.005192055217301,
                6.97153926124873
            ],
            "initial_vol": 36500.36283571428,
            "order": 2,
            "relevant_lags": [
                3,
                4,
                5,
                6
            ],
            "shutdown_flows": [
                2.423809524,
                4.519047619,
                7.285714286
            ],
            "startup_flows": [
                2.423809524,
                5.114285714,
                8.038095238
            ],
            "turbined_flow": {
                "observed_flows": [
                    2.42,
                    4.52,
                    5.11,
                    7.29,
                    8.04,
                    11.28,
                    11.43
                ],
                "observed_powers": [
                    0.0,
                    3.48,
                    3.48,
                    5.6,
                    5.6,
                    8.48,
                    8.48
                ]
            },
            "unregulated_flow_max": 5.701345855787728,