{
    "dams": [
        {
            "flows": [
                1.43,
                1.43,
                1.43,
                1.43,
                1.43,
                1.43,
                1.43,
                1.43,
                1.43,
                1.43,
                1.43,
                1.43,
                1.43,
                1.43,
                1.43,
                1.43,
                1.43,
                1.43,
                1.43,
                1.43,
                1.43,
                1.43,
                1.43,
                1.43,
                1.43,
                1.43,
                1.43,
                1.43,
                1.43,
                1.43,
                1.43,
                1.43,
                1.43,
                1.43,
                1.43,
                1.43,
                1.43,
                1.43,
                1.43,
                1.43,
                1.43,
                1.43,
                1.43,
                1.43,
                1.43,
                1.43,
                1.43,
                1.43,
                4.8300504409911795,
                4.8300504409911795,
                4.8300504409911795,
                4.8300504409911795,
                4.98,
                4.98,
                4.98,
                4.98,
                4.98,
                1.43,
                1.43,
                1.43,
                1.43,
                1.43,
                1.43,
                1.43,
                1.43,
                1.43,
                1.43,
                1.43,
                1.43,
                1.43,
                1.43,
                1.43,
                1.43,
                1.43,
                1.43,
                1.43,
                1.43,
                1.43,
                1.43,
                1.43,
                1.43,
                1.43,
                1.43,
                1.43,
                1.43,
                1.43,
                0.0,
                0.0,
                0.0,
                0.0,
                0.0,
                0.0,
                0.0,
                0.0,
                0.0,
                0.0,
                0.0,
                0.0,
                0.0
            ],
            "id": "dam1",
            "power": [
                0.5598138867111259,
                0.2385459364028776,
                0.0,
                0.0,
                0.0,
                0.0,
                0.0,
                0.0,
                0.0,
                0.0,
                0.0,
                0.0,
                0.0,
                0.0,
                0.0,
                0.0,
                0.0,
                0.0,
                0.0,
                0.0,
                0.0,
                0.0,
                0.0,
                0.0,
                0.0,
                0.0,
                0.0,
                0.0,
                0.0,
                0.0,
                0.0,
                0.0,
                0.0,
                0.0,
                0.0,
                0.0,
                0.0,
                0.0,
                0.0,
                0.0,
                0.0,
                0.0,
                0.0,
                0.0,
                0.0,
                0.0,
                0.0,
                0.0,
                0.0,
                0.599506970596699,
                1.6935046819341384,
                1.6935046819341373,
                1.6935046819341384,
                1.7417523409670694,
                1.79,
                1.79,
                1.79,
                1.79,
                0.6477546296296297,
                0.0,
                0.0,
                0.0,
                0.0,
                0.0,
                0.0,
                0.0,
                0.0,
                0.0,
                0.0,
                0.0,
                0.0,
                0.0,
                0.0,
                0.0,
                0.0,
                0.0,
                0.0,
                0.0,
                0.0,
                0.0,
                0.0,
                0.0,
                0.0,
                0.0,
                0.0,
                0.0,
                0.0,
                0.0,
                0.0,
                0.0,
                0.0,
                0.0,
                0.0,
                0.0,
                0.0,
                0.0,
                0.0,
                0.0,
                0.0
            ],