{
    "dams": [
        {
            "flows": [
                5.95,
                5.95,
                5.95,
                5.586241057348445,
                5.586241057348443,
                4.98,
                0.0,
                0.0,
                0.0,
                0.0,
                0.0,
                0.0,
                0.0,
                0.0,
                0.0,
                0.0,
                0.0,
                0.0,
                0.0,
                0.0,
                0.0,
                0.0,
                0.0,
                0.0,
                0.0,
                0.0,
                0.0,
                0.0,
                0.0,
                0.0,
                0.0,
                0.0,
                0.0,
                0.0,
                0.0,
                0.0,
                0.0,
                0.0,
                0.0,
                0.0,
                0.0,
                0.0,
                0.0,
                0.0,
                0.0,
                0.0,
                0.0,
                0.0,
                0.0,
                0.0,
                0.0,
                4.98,
                4.98,
                4.98,
                4.98,
                4.98,
                5.332287467587041,
                5.332287467587042,
                5.332287467587042,
                4.98,
                0.02269505071077882,
                0.022695050710778812,
                0.02269505071077338,
                0.022695050710780484,
                0.02269505071077979,
                0.0,
                0.0,
                0.0,
                0.0,
                0.0,
                0.0,
                0.0,
                0.0,
                0.0,
                0.0,
                0.0,
                0.0,
                0.0,
                0.0,
                0.0,
                0.0,
                0.0,
                0.0,
                0.0,
                0.0,
                0.0,
                0.0,
                0.0,
                0.0,
                0.0,
                0.0,
                0.0,
                0.0,
                0.0,
                0.0,
                0.0,
                0.0
            ],
            "id": "dam1",
            "power": [
                0.7953574951744906,
                2.14,
                2.14,
                2.14,
                2.0087467732700577,
                2.0087467732700564,
                1.79,
                0.0,
                0.0,
                0.0,
                0.0,
                0.0,
                0.0,
                0.0,
                0.0,
                0.0,
                0.0,
                0.0,
                0.0,
                0.0,
                0.0,
                0.0,
                0.0,
                0.0,
                0.0,
                0.0,
                0.0,
                0.0,
                0.0,
                0.0,
                0.0,
                0.0,
                0.0,
                0.0,
                0.0,
                0.0,
                0.0,
                0.0,
                0.0,
                0.0,
                0.0,
                0.0,
                0.0,
                0.0,
                0.0,
                0.0,
                0.0,
                0.0,
                0.0,
                0.0,
                0.0,
                0.0,
                1.79,
                1.79,
                1.79,
                1.79,
                1.79,
                1.9171140346963549,
                1.9171140346963553,
                1.9171140346963553,
                1.79,
                0.0,
                0.0,
                0.0,
                0.0,
                0.0,
                0.0,
                0.0,
                0.0,
                0.0,
                0.0,
                0.0,
                0.0,
                0.0,
                0.0,
                0.0,
                0.0,
                0.0,
                0.0,
                0.0,
                0.0,
                0.0,
                0.0,
                0.0,
                0.0,
                0.0,
                0.0,
                0.0,
                0.0,
                0.0,
                0.0,
                0.0,
                0.0,
                0.0,
                0.0,
                0.0,
                0.0
            ],
            "volume": [
                70882.0,
                66026.0827117141,
                61185.0700860568,
                56664.65219875771,
                52147.51311191571,
                48178.07589083031,
                48688.23795477291,
                49201.68430277271,
                49717.82112623001,
                50227.12977440121,
                50739.62223185811,
                51249.857478400714,
                51755.21444754351,
                52265.977799800414,
                52782.15221157141,
                53300.13436408581,
                53809.17932637171,
                54316.89146917161,
                54827.44200048591,
                55335.451369571914,
                55847.72908514331,
                56357.408508228815,
                56856.97231468552,
                57362.40916088572,
                57865.94598297142,
                58380.69755179972,
                58886.49018485692,
                59392.80539742862,
                59905.80038165752,
                60419.00815614352,
                60922.46657942902,
                61416.58814965792,
                61919.41165054372,
                62424.58252545802,
                62932.94025637222,
                63432.171484200815,
                63931.75924317202,
                64430.13376997182,
                64927.297266657224,
                65422.274861886224,
                65919.83587394303,
                66417.73279897132,
                66908.98509697162,
                67401.45668462841,
                67896.00940419981,
                68392.64325402801,
                68890.6650303998,
                69391.00304485731,
                69888.95984022832,
                70387.81833637161,
                70882.0000000001,
                66893.0718865427,
                62901.70056502821,
                58909.38992537121,
                54913.37477357151,
                50924.33096242851,
                46608.25781814287,
                42310.12219620014,
                38017.5374100571,
                34045.0,
                34644.444115617,
                35374.1944207484,
                36101.929356594395,
                36783.706757726395,
                37455.457002372794,
                38160.554687858596,
                38873.8666052297,
                39588.135288001096,
                40303.327020115394,
                41008.10526562939,
                41723.82020905819,
                42449.05149208639,
                43173.8594152865,
                43888.5209810861,
                44599.3002648287,
                45306.1972221434,
                46012.936603543094,
                46728.231868971794,
                47445.43899425749,
                48155.587339029196,
                48862.667832686,
                49569.8862872006,
                50271.0505225145,
                50995.5288796862,
                51731.1226277432,
                52455.975024572,
                53169.187376657595,
                53880.1353926576,
                54593.5618497716,
                55314.9190233431,
                56036.1661003718,
                56756.0650905719,
                57474.6159923432,
                58188.366172485796,
                58903.126733142795,
                59627.42324,
                34045.0
            ]
        }
    ],
    "objective_function": 249.60899142050022,