{
    "configuration": {
        "action_type": "exiting_flows",
        "do_history_updates": true,
        "eval_ep_freq": 5,
        "eval_num_episodes": 5,
        "features": [
            "past_vols",
            "past_flows",
            "past_variations",
            "past_prices",
            "future_prices",
            "past_inflows",
            "future_inflows",
            "past_turbined",
            "past_groups",
            "past_powers",
            "past_clipped",
            "past_periods"
        ],
        "flow_smoothing": 2,
        "flow_smoothing_clip": false,
        "flow_smoothing_penalty": 25,
        "length_episodes": 99,
        "limit_zones_penalty": 50,
        "log_ep_freq": 5,
        "mode": "linear",
        "num_steps_sight": 16,
        "startups_penalty": 50,
        "volume_exceedance_bonus": 0.0,
        "volume_objectives": {},
        "volume_shortage_penalty": 0.0
    },
    "dams": [
        {
            "flows": [
                0.0,
                13.76270809173584,
                13.871477910876274,
                13.768563014268874,
                13.59475311934948,
                13.528366124629974,
                13.518128022551537,
                13.482977402210235,
                13.548100131750108,
                13.554896295070648,
                13.446737945079803,
                13.414069467782975,
                13.208614146709442,
                12.579079246520996,
                12.13049873225285,
                6.381739538243564,
                6.5789467066526415,
                5.250498351454735,
                9.340071496367454,
                11.928152203559875,
                12.915591382980347,
                13.048554295301438,
                13.068015038967133,
                13.18894845545292,
                13.365212661027908,
                13.57564070224762,
                13.678750425577164,
                13.645800250768662,
                13.623264449834824,
                13.543081867694855,
                13.557948580384254,
                13.583661490678788,
                13.420454049110413,
                13.07187952399254,
                12.364687198400498,
                5.826450387591782,
                5.123369099037211,
                5.134686501481661,
                5.114637996783244,
                5.146929240624514,
                5.1316223195134,
                5.130624518814988,
                5.112993633259434,
                5.121515999926099,
                5.114355150910229,
                5.1196287826880065,
                5.120976702878478,
                5.123073213926101,
                5.106599385132447,
                5.113697885894354,
                5.101546559322927,
                5.09577836049753,
                5.081217106751493,
                5.084042385767373,
                5.0880201481800675,
                5.090399677068959,
                5.084472029386419,
                5.078953010116578,
                5.08030650287848,
                5.087607738814986,
                5.0856042716721355,
                5.0871705436086385,
                5.067846993926101,
                5.050543417322923,
                5.038099619449915,
                5.040776165164199,
                5.038168058910224,
                5.047482124624512,
                5.041033836751497,
                5.036049032434037,
                5.029967254370543,
                5.034895364592764,
                5.028346447068955,
                5.038855243576893,
                5.021430132211818,
                5.003025871799117,
                5.015242886307056,
                5.036184650751497,
                5.0415014097673705,
                5.064597293735626,
                5.049648238814989,
                5.040705267640385,
                5.02867442024356,
                5.036961202783245,
                5.047776452370543,
                5.046768059005465,
                5.054602836180073,
                5.0565845411959405,
                5.0454631603388,
                5.046751820211818,
                5.066987632941972,
                5.445188256846733,
                5.392979097366333,
                5.461155799031258,
                5.306428802013397,
                5.748173514008522,
                7.176221337914467,
                10.153064852952957,
                12.620288050174713
            ],
            "id": "dam1",