{
    "configuration": {
        "avoid_limit_zones": false,
        "common_ratio": 0.6,
        "flow_smoothing": 0,
        "limit_zones_penalty": 0.0,
        "maximize_final_vol": false,
        "mode": "linear",
        "prob_below_half": 0.15,
        "random_biased_flows": false,
        "random_biased_sorting": false,
        "startups_penalty": 0.0,
        "volume_exceedance_bonus": 0.0,
        "volume_objectives": {},
        "volume_shortage_penalty": 0.0
    },
    "dams": [
        {
            "flows": [
                7.037099527717309,
                2.092153610849184e-15,
                7.105427357601002e-17,
                7.105427357601002e-17,
                7.105427357601002e-17,
                7.105427357601002e-17,
                7.105427357601002e-17,
                7.105427357601002e-17,
                7.105427357601002e-17,
                7.105427357601002e-17,
                7.105427357601002e-17,
                7.105427357601002e-17,
                7.105427357601002e-17,
                7.105427357601002e-17,
                7.105427357601002e-17,
                7.105427357601002e-17,
                7.105427357601002e-17,
                7.105427357601002e-17,
                7.105427357601002e-17,
                6.865577856571428,
                7.105427357601002e-17,
                7.105427357601002e-17,
                7.105427357601002e-17,
                6.834112048031746,
                7.105427357601002e-17,
                7.105427357601002e-17,
                7.105427357601002e-17,
                6.849567250666666,
                7.105427357601002e-17,
                7.105427357601002e-17,
                7.105427357601002e-17,
                6.655741869523808,
                5.763291078943034e-16,
                5.763291078943034e-16,
                7.105427357601002e-17,
                14.15,
                14.15,
                14.15,
                5.349441102412696,
                1.6973863934920557,
                1.6659682894920635,
                1.6988237774603172,
                1.707245855047619,
                1.6968371149841268,
                1.7128315879365081,
                2.5800834401269843,
                2.9317477336507936,
                2.890686663396825,
                3.1371826784761905,
                2.8707100019999996,
                2.2725589880634915,
                1.6809166954603176,
                1.6564823218412699,
                1.632300746,
                2.1261874739999995,
                7.105427357601002e-17,
                7.105427357601002e-17,
                7.105427357601002e-17,
                7.105427357601002e-17,
                10.999732201047618,
                1.791240357269841,
                1.707719447047619,
                1.7032124295873012,
                1.0164708581012544e-16,
                1.0164708581012544e-16,
                1.0164708581012544e-16,
                1.0164708581012544e-16,
                1.0164708581012544e-16,
                1.0164708581012544e-16,
                1.0164708581012544e-16,
                1.0164708581012544e-16,
                1.0164708581012544e-16,
                1.0164708581012544e-16,
                1.0164708581012544e-16,
                1.0164708581012544e-16,
                1.0164708581012544e-16,
                1.0164708581012544e-16,
                1.0164708581012544e-16,
                1.0164708581012544e-16,
                14.15,
                14.15,
                3.1688045730476238,
                1.615637046920635,
                1.637561972126984,
                1.663455541015873,
                1.6799783630158729,
                1.680670846,
                1.666280137079365,
                1.6568221326349206,
                1.6680051713015873,
                1.6752850062539681,
                1.6755757881269677,
                1.653372053111111,
                1.6606628100000003,
                1.668427121111111,
                1.6172711679047618,
                1.6206767426984126
            ],
            "id": "dam1",
            "objective_function_details": {
                "income_from_energy_eur": 493.4152331904184,
                "limit_zones": 5.0,
                "startups": 7.0,
                "total_income_eur": 493.4152331904184,
                "volume_exceedance_m3": 1.4551915228366852e-11,
                "volume_shortage_m3": 0
            },
            "power": [
                1.1194685676127278,
                2.276701138215949,
                0.0,
                0.0,
                0.0,
                0.0,
                0.0,
                0.0,
                0.0,
                0.0,
                0.0,
                0.0,
                0.0,
                0.0,
                0.0,
                0.0,
                0.0,
                0.0,
                0.0,
                0.0,
                2.255132544838323,
                0.0,
                0.0,
                0.0,
                2.2511757665189616,
                0.0,
                0.0,
                0.0,
                2.2531192351137728,
                0.0,
                0.0,
                0.0,
                2.228745983592814,
                0.0,
                0.0,
                0.0,
                4.6,
                4.6,
                4.6,
                1.9233034905612831,
                0.07694572474591424,
                0.06790454373872233,
                0.07735936042023463,
                0.07978297986981821,
                0.07678765898823911,
                0.08139038501770053,
                0.3309592633458942,
                0.47191173600676306,
                0.4454881769081399,
                0.6041129273527333,
                0.4326328253611127,
                0.24246301814776677,
                0.0722062432979338,
                0.06517476887518668,
                0.05821604201438758,
                0.20034171913669147,
                0.0,
                0.0,
                0.0,
                0.0,
                3.838139268844622,
                0.10395405964599629,
                0.07991926533744541,
                0.07862228189562616,
                0.0,
                0.0,
                0.0,
                0.0,
                0.0,
                0.0,
                0.0,
                0.0,
                0.0,
                0.0,
                0.0,
                0.0,
                0.0,
                0.0,
                0.0,
                0.0,
                4.6,
                4.6,
                0.6244622021000867,
                0.05342073292680106,
                0.05973006392143333,
                0.06718145065204972,
                0.07193621957291367,
                0.07213549525179909,
                0.06799428405161642,
                0.06527255615393497,
                0.0684906967774356,
                0.07058561331049555,
                0.07066929154732925,
                0.06427972751398929,
                0.06637778705036046,
                0.06861212118305446,
                0.05389098356971635
            ],