{
    "configuration": {
        "avoid_limit_zones": false,
        "common_ratio": 0.6,
        "flow_smoothing": 0,
        "limit_zones_penalty": 0.0,
        "maximize_final_vol": false,
        "mode": "linear",
        "prob_below_half": 0.15,
        "random_biased_flows": false,
        "random_biased_sorting": false,
        "startups_penalty": 0.0,
        "volume_exceedance_bonus": 0.0,
        "volume_objectives": {},
        "volume_shortage_penalty": 0.0
    },
    "dams": [
        {
            "flows": [
                14.15,
                11.30103025668475,
                7.181968414793652,
                7.202189162000002,
                6.461653516857141,
                5.705877814634919,
                3.698530418476191,
                1.8916187324444445,
                3.2695376588888885,
                5.398933577206349,
                2.2812884258412613,
                2.5263741715914674e-15,
                2.5263741715914674e-15,
                2.5263741715914674e-15,
                0.0,
                0.0,
                0.0,
                0.0,
                0.0,
                14.15,
                7.516102323714279,
                4.042198674546348e-15,
                0.0,
                14.15,
                12.434211158222219,
                3.031649005909761e-15,
                0.0,
                14.15,
                14.15,
                14.15,
                14.15,
                0.0,
                0.0,
                0.0,
                0.0,
                14.15,
                12.583837977936508,
                2.0481161902222205,
                2.0911646665079364,
                0.0,
                0.0,
                0.0,
                0.0,
                14.15,
                12.190932573587299,
                3.200103578031746,
                3.114434113523809,
                3.1085808730476194,
                5.196288589619048,
                5.469126584888889,
                5.458001958063492,
                5.462002185238095,
                7.001239403492063,
                8.59523868126984,
                3.8073781196825394,
                3.2076759565396746,
                3.117870007238095,
                3.11639061247619,
                3.466727409936508,
                0.0,
                0.0,
                0.0,
                0.0,
                0.0,
                0.0,
                0.0,
                0.0,
                4.021971927999996,
                2.5263741715914674e-15,
                2.5263741715914674e-15,
                2.5263741715914674e-15,
                9.311217690031745,
                6.063298011819522e-15,
                0.0,
                0.0,
                14.15,
                14.15,
                14.15,
                6.290984333174601,
                2.1544691455238087,
                2.3051083465396824,
                1.9348769622539683,
                2.5885663903174603,
                2.505808695936508,
                2.11197657815873,
                1.9545056441269841,
                1.9728295444444446,
                1.94893759015873,
                1.9760315400317459,
                2.101352087968254,
                2.2272174718730158,
                3.908969112666667,
                1.4311706404761895,
                0.0,
                0.0,
                14.15,
                3.223166198920635
            ],
            "id": "dam1",
            "objective_function_details": {
                "income_from_energy_eur": 1106.1472665679148,
                "limit_zones": 6.0,
                "startups": 11.0,
                "total_income_eur": 1106.1472665679148,
                "volume_exceedance_m3": 0,
                "volume_shortage_m3": 0
            },
            "power": [
                1.5628431593647854,
                4.6,
                3.924426505435539,
                2.294918183896207,
                2.297460912586827,
                2.204339663796407,
                2.0519146753837334,
                0.9653505933712511,
                0.13283992300559544,
                0.689285808266463,
                1.9411616000229104,
                0.24497508657302414,
                0.0,
                0.0,
                0.0,
                0.0,
                0.0,
                0.0,
                0.0,
                0.0,
                4.6,
                2.336935022742514,
                0.0,
                0.0,
                4.6,
                4.248952491321856,
                0.0,
                0.0,
                4.6,
                4.6,
                4.6,
                4.6,
                0.0,
                0.0,
                0.0,
                0.0,
                4.6,
                4.291803364573366,
                0.1778751626538753,
                0.19026321338357835,
                0.0,
                0.0,
                0.0,
                0.0,
                4.6,
                4.17928115957195,
                0.6446036914185759,
                0.5894738045361574,
                0.5857071358963857,
                1.8680422746048106,
                1.9664889739289804,
                1.9624749333218787,
                1.963918314261169,
                2.2721917812774453,
                2.914323506577491,
                1.0353961047957059,
                0.6494766572176585,
                0.5916848657689607,
                0.590732847843472,
                0.8161810647276617,
                0.0,
                0.0,
                0.0,
                0.0,
                0.0,
                0.0,
                0.0,
                0.0,
                1.1734911944074025,
                0.0,
                0.0,
                0.0,
                3.3286259667037643,
                0.0,
                0.0,
                0.0,
                4.6,
                4.6,
                4.6,
                2.182878269441117,
                0.2084803296471399,
                0.25182974001142033,
                0.14528833446157352,
                0.3334004000913555,
                0.30958523624072254,
                0.1962522527075475,
                0.1509368760077653,
                0.1562099408473216,
                0.14933455831905962,
                0.15713137842640204,
                0.1931948454584904,
                0.22941509981957345,
                1.1007717900956777,
                0.0003368749571779942,
                0.0,
                0.0,
                4.6
            ],