{
    "configuration": {
        "avoid_limit_zones": false,
        "common_ratio": 0.6,
        "flow_smoothing": 0,
        "limit_zones_penalty": 0.0,
        "maximize_final_vol": false,
        "mode": "linear",
        "prob_below_half": 0.15,
        "random_biased_flows": false,
        "random_biased_sorting": false,
        "startups_penalty": 0.0,
        "volume_exceedance_bonus": 0.0,
        "volume_objectives": {},
        "volume_shortage_penalty": 0.0
    },
    "dams": [
        {
            "flows": [
                14.15,
                14.15,
                7.69699129009882,
                6.056916136920634,
                6.9668232747619045,
                6.230915355111111,
                4.878104849428571,
                4.120017087619047,
                5.11865103047619,
                4.990801447873016,
                3.776627345714285,
                2.4623249920952377,
                10.872646574,
                5.998037433936502,
                3.031649005909761e-15,
                1.010549668636587e-15,
                0.0,
                0.0,
                0.0,
                14.15,
                14.15,
                1.600722147682537,
                1.010549668636587e-15,
                14.15,
                14.15,
                12.788390407904759,
                2.021099337273174e-15,
                14.15,
                14.15,
                14.15,
                3.5624766960317396,
                14.15,
                14.15,
                14.15,
                14.15,
                14.15,
                14.15,
                14.15,
                14.15,
                11.142784554126973,
                8.319201792603174,
                6.773875902158731,
                8.808314352063489,
                11.870705634126983,
                11.141777081619047,
                9.936054494730158,
                10.103262214507938,
                10.254293323936507,
                13.324895978063491,
                13.878673227968253,
                12.40310777415873,
                10.544147251333333,
                12.093053384507936,
                3.5304798555238035,
                0.0,
                0.0,
                0.0,
                0.0,
                0.0,
                14.15,
                11.91663872720635,
                0.0,
                0.0,
                14.15,
                14.15,
                8.57266106206349,
                0.0,
                14.15,
                13.266697129523807,
                0.0,
                0.0,
                14.15,
                14.15,
                14.15,
                9.88875896457142,
                14.15,
                14.15,
                14.15,
                14.15,
                12.204762884095238,
                11.094773215523809,
                10.612973080825398,
                13.33168147822222,
                13.304934912190475,
                4.15580251304762,
                4.023092894190476,
                9.464134624666665,
                13.689854621777776,
                8.075167629777779,
                12.248074974507935,
                13.829403858761903,
                13.829590365333333,
                7.318262062285716,
                10.04746630631746,
                11.386406919142859,
                9.452963724730159,
                9.445235090539667
            ],
            "id": "dam1",
            "objective_function_details": {
                "income_from_energy_eur": 2922.929244402987,
                "limit_zones": 6.0,
                "startups": 12.0,
                "total_income_eur": 2922.929244402987,
                "volume_exceedance_m3": 7.275957614183426e-12,
                "volume_shortage_m3": 0
            },
            "power": [
                2.653250575270198,
                4.6,
                4.6,
                2.394551139776284,
                2.1534445441636727,
                2.2678640046107783,
                2.175324685373254,
                1.7244285836600532,
                1.236585070273367,
                1.8400287223367702,
                1.7938974296449033,
                1.0156074122883612,
                0.29707194017129124,
                3.801743854525822,
                2.146040635405189,
                0.0,
                0.0,
                0.0,
                0.0,
                0.0,
                4.6,
                4.6,
                0.049128675592096764,
                0.0,
                4.6,
                4.6,
                4.350384107428123,
                0.0,
                4.6,
                4.6,
                4.6,
                0.877797503464872,
                4.6,
                4.6,
                4.6,
                4.6,
                4.6,
                4.6,
                4.6,
                4.6,
                3.8791073136232184,
                2.754594295719814,
                2.2436011613493014,
                3.0376201025985345,
                4.087572975031671,
                3.8788187886326835,
                3.5335179538898567,
                3.581403732793353,
                3.624656773521723,
                4.504031242544004,
                4.6,
                4.24004494940696,
                3.7076665837151803,
                4.151250030305088,
                0.8572069440639272,
                0.0,
                0.0,
                0.0,
                0.0,
                0.0,
                4.6,
                4.100727522814964,
                0.0,
                0.0,
                4.6,
                4.6,
                2.9012589291715694,
                0.0,
                4.6,
                4.487363966671138,
                0.0,
                0.0,
                4.6,
                4.6,
                4.6,
                3.5199732245955713,
                4.6,
                4.6,
                4.6,
                4.6,
                4.18324195272211,
                3.8653575875443775,
                3.727377267278634,
                4.505974507847677,
                4.4983146931625315,
                1.2596136542297172,
                1.1742125569096127,
                3.3983671929796544,
                4.6,
                2.6133835161073673,
                4.195645884718234,
                4.6,
                4.6,
                2.312056906035928,
                3.5654246229359865,
                3.9488770989094575,
                3.3951680150635664
            ],