{
    "configuration": {
        "avoid_limit_zones": false,
        "common_ratio": 0.6,
        "flow_smoothing": 0,
        "limit_zones_penalty": 0.0,
        "maximize_final_vol": false,
        "mode": "linear",
        "prob_below_half": 0.15,
        "random_biased_flows": false,
        "random_biased_sorting": false,
        "startups_penalty": 0.0,
        "volume_exceedance_bonus": 0.0,
        "volume_objectives": {},
        "volume_shortage_penalty": 0.0
    },
    "dams": [
        {
            "flows": [
                14.15,
                14.15,
                14.15,
                12.091966308980647,
                4.296970073142858,
                4.681726012063492,
                4.664964982539682,
                6.636839831873017,
                9.775208121301587,
                12.458233596190475,
                12.439716453904767,
                13.23610545733333,
                9.74147985638095,
                12.761049030793648,
                3.895751699904754,
                0.0,
                0.0,
                0.0,
                0.0,
                14.15,
                14.15,
                4.053662588063491,
                2.021099337273174e-15,
                14.15,
                14.15,
                14.15,
                3.3057811843174587,
                14.15,
                14.15,
                14.15,
                14.15,
                10.488455107269836,
                2.021099337273174e-15,
                0.0,
                0.0,
                14.15,
                14.15,
                14.15,
                13.065798132158731,
                0.0,
                0.0,
                0.0,
                0.0,
                14.15,
                13.20412779742857,
                3.911237785777778,
                3.943922072095238,
                3.619237967873016,
                3.5805840019047617,
                3.1881108255555555,
                3.5648846607619045,
                3.1943289372063486,
                3.4355683828253967,
                3.2174508675555553,
                3.2321668286349206,
                3.248981700984127,
                3.1971667436825397,
                3.4449679095238097,
                3.449735873301587,
                3.5430221302539677,
                3.7849392057460314,
                5.890384587460318,
                7.188038679587302,
                6.476275625492062,
                6.7093543338412704,
                4.717633278507937,
                4.0231066098730155,
                2.4382370593968212,
                2.021099337273174e-15,
                2.021099337273174e-15,
                2.021099337273174e-15,
                2.021099337273174e-15,
                0.0,
                0.0,
                0.0,
                14.15,
                7.879083466698406,
                5.052748343182935e-15,
                1.010549668636587e-15,
                14.15,
                14.15,
                14.15,
                11.095629589333324,
                14.15,
                14.15,
                14.15,
                14.15,
                14.15,
                14.15,
                14.15,
                14.15,
                13.344876417682535,
                6.523599981428572,
                7.1447587303492055,
                12.034788905492062,
                13.368034100063491,
                8.613969174825396
            ],
            "id": "dam1",
            "objective_function_details": {
                "income_from_energy_eur": 2119.2703171412777,
                "limit_zones": 6.0,
                "startups": 10.0,
                "total_income_eur": 2119.2703171412777,
                "volume_exceedance_m3": 0,
                "volume_shortage_m3": 0
            },
            "power": [
                2.1003701914089343,
                4.6,
                4.6,
                4.6,
                4.150938708205726,
                1.3504575933650804,
                1.5980551651704888,
                1.5872691322824828,
                2.22636908065469,
                3.487453969011253,
                4.2558321566554875,
                4.25052912529667,
                4.478602971348982,
                3.4777947006536993,
                4.342553947785974,
                1.0922661402164855,
                0.0,
                0.0,
                0.0,
                0.0,
                4.6,
                4.6,
                1.1938847210223404,
                0.0,
                4.6,
                4.6,
                4.6,
                0.7126091880561414,
                4.6,
                4.6,
                4.6,
                4.6,
                3.6917171903448827,
                0.0,
                0.0,
                0.0,
                4.6,
                4.6,
                4.6,
                4.429829512026668,
                0.0,
                0.0,
                0.0,
                0.0,
                4.6,
                4.469445049967805,
                1.1022317232551426,
                1.1232646667649906,
                0.914324433029396,
                0.8894498901146357,
                0.6368861331121423,
                0.8793470733606714,
                0.6408876031096417,
                0.7961296537626419,
                0.655766993473253,
                0.6652369869456203,
                0.6760576686888586,
                0.6427137841290405,
                0.8021784232583755,
                0.8052466962450053,
                0.8652781301171353,
                1.0209562481421237,
                2.118489284135166,
                2.2956815106067867,
                2.206178372067864,
                2.2354876707225553,
                1.6211621560768665,
                1.1742213832053212,
                0.29014016097750206,
                0.0,
                0.0,
                0.0,
                0.0,
                0.0,
                0.0,
                0.0,
                4.6,
                2.4999190846625607,
                0.0,
                0.0,
                4.6,
                4.6,
                4.6,
                3.865602840137712,
                4.6,
                4.6,
                4.6,
                4.6,
                4.6,
                4.6,
                4.6,
                4.6,
                4.50975334027528,
                2.212129338982036,
                2.2902391217804388,
                4.1345639588498395,
                4.516385352600342
            ],