{
    "configuration": {
        "avoid_limit_zones": false,
        "common_ratio": 0.6,
        "flow_smoothing": 0,
        "limit_zones_penalty": 0.0,
        "maximize_final_vol": false,
        "mode": "linear",
        "prob_below_half": 0.15,
        "random_biased_flows": false,
        "random_biased_sorting": false,
        "startups_penalty": 0.0,
        "volume_exceedance_bonus": 0.0,
        "volume_objectives": {},
        "volume_shortage_penalty": 0.0
    },
    "dams": [
        {
            "flows": [
                14.15,
                14.15,
                14.15,
                12.320275842036647,
                11.994566255100297,
                14.15,
                14.15,
                8.735684334189783,
                13.818260801703474,
                14.15,
                14.15,
                14.15,
                14.15,
                14.15,
                14.15,
                14.15,
                14.15,
                14.15,
                14.15,
                14.15,
                1.1435495834676526,
                1.010549668636587e-15,
                0.0,
                14.15,
                14.15,
                11.542586178940871,
                8.346556145723016,
                14.15,
                14.15,
                14.15,
                14.15,
                14.15,
                14.15,
                14.15,
                14.15,
                14.15,
                14.15,
                9.931862384570735,
                13.407483611639982,
                14.15,
                14.15,
                14.15,
                14.15,
                14.15,
                14.15,
                14.15,
                13.8194104090246,
                12.674996765036804,
                14.15,
                9.874256050676786,
                6.6663193471320445,
                6.94562936932252,
                6.761439228497124,
                6.6279087745923615,
                7.306791066941567,
                10.028480801354268,
                14.15,
                14.15,
                14.15,
                14.15,
                14.15,
                14.15,
                14.15,
                14.15,
                14.15,
                14.15,
                14.15,
                9.988066755648013,
                10.257639403458922,
                5.07380402722658,
                2.3684757858670005e-15,
                14.15,
                14.15,
                14.15,
                12.831461328370139,
                14.15,
                14.15,
                14.15,
                5.766385577755449,
                14.15,
                14.15,
                14.15,
                14.15,
                14.15,
                14.15,
                14.15,
                14.15,
                14.15,
                14.15,
                14.15,
                14.15,
                14.15,
                12.470030939331247,
                11.139496191354269,
                12.13090174490982,
                8.343211416052679,
                6.456562090974929
            ],
            "id": "dam1",
            "objective_function_details": {
                "income_from_energy_eur": 6893.9222660310015,
                "limit_zones": 6.0,
                "startups": 5.0,
                "total_income_eur": 6893.9222660310015,
                "volume_exceedance_m3": 0,
                "volume_shortage_m3": 0
            },
            "power": [
                2.30804265001996,
                4.6,
                4.6,
                4.6,
                4.216323128470588,
                4.1230447960615875,
                4.6,
                4.6,
                2.995592620345773,
                4.6,
                4.6,
                4.6,
                4.6,
                4.6,
                4.6,
                4.6,
                4.6,
                4.6,
                4.6,
                4.6,
                4.6,
                0.0,
                0.0,
                0.0,
                4.6,
                4.6,
                3.9936044925605305,
                2.770422938255453,
                4.6,
                4.6,
                4.6,
                4.6,
                4.6,
                4.6,
                4.6,
                4.6,
                4.6,
                4.6,
                3.532317396520258,
                4.527683100047131,
                4.6,
                4.6,
                4.6,
                4.6,
                4.6,
                4.6,
                4.6,
                4.6,
                4.317909871677208,
                4.6,
                3.5158198079402996,
                2.230076085567503,
                2.2651989027291792,
                2.24203726825413,
                2.2252460135714944,
                2.310614445543551,
                3.5599874595427714,
                4.6,
                4.6,
                4.6,
                4.6,
                4.6,
                4.6,
                4.6,
                4.6,
                4.6,
                4.6,
                4.6,
                3.5484134840118706,
                3.6256150404272023,
                1.8238468139477346,
                0.0,
                4.6,
                4.6,
                4.6,
                4.362718971974547,
                4.6,
                4.6,
                4.6,
                2.0737473734169125,
                4.6,
                4.6,
                4.6,
                4.6,
                4.6,
                4.6,
                4.6,
                4.6,
                4.6,
                4.6,
                4.6,
                4.6,
                4.6,
                4.259210738493925,
                3.878165575927749,
                4.162089232110324,
                2.7684875047945274
            ],