{
    "configuration": {
        "avoid_limit_zones": false,
        "common_ratio": 0.6,
        "flow_smoothing": 0,
        "limit_zones_penalty": 0.0,
        "maximize_final_vol": false,
        "mode": "linear",
        "prob_below_half": 0.15,
        "random_biased_flows": false,
        "random_biased_sorting": false,
        "startups_penalty": 0.0,
        "volume_exceedance_bonus": 0.0,
        "volume_objectives": {},
        "volume_shortage_penalty": 0.0
    },
    "dams": [
        {
            "flows": [
                10.489361349021516,
                3.6255211855960106,
                3.63643693232617,
                3.6380257765166464,
                3.657134439818233,
                3.642213143627757,
                3.6438306046118845,
                3.6368974927071225,
                3.633322643596011,
                3.6285560733737885,
                3.643308545754741,
                0.0,
                0.0,
                0.0,
                0.0,
                0.0,
                0.0,
                0.0,
                0.0,
                0.679451088041017,
                1.5158245029548805e-15,
                0.0,
                0.0,
                13.95714692447928,
                4.042198674546348e-15,
                0.0,
                0.0,
                13.954856804320553,
                0.0,
                0.0,
                0.0,
                13.987830844860234,
                0.0,
                0.0,
                0.0,
                14.15,
                14.15,
                14.15,
                12.41862578298722,
                3.469626669532518,
                3.4758638159769633,
                3.492843036357916,
                3.491030702199186,
                3.4920004300086935,
                3.483574547215058,
                3.4834544532468046,
                3.482931863310297,
                3.4891903057547413,
                3.5032969626436303,
                3.4904251739769636,
                3.4852276857864872,
                3.4859427362944233,
                3.4854767547071224,
                3.485350693691248,
                3.494166317024583,
                0.8205774943267301,
                0.0,
                0.0,
                0.0,
                0.0,
                0.0,
                0.0,
                0.0,
                0.0,
                0.0,
                0.0,
                0.0,
                13.943862497749121,
                5.052748343182935e-15,
                0.0,
                0.0,
                13.962780613685629,
                5.052748343182935e-15,
                0.0,
                0.0,
                13.944552759177695,
                3.536923840228054e-15,
                0.0,
                0.0,
                14.15,
                14.15,
                14.15,
                12.456129298130072,
                3.4875242762626693,
                3.4886099352150586,
                3.491251344453154,
                3.4841118091198204,
                3.486230978611884,
                3.4913728877229957,
                3.492841233024582,
                3.491774467056329,
                3.284364486995926,
                0.0,
                0.0,
                0.0,
                14.15,
                3.453549552938189
            ],
            "id": "dam1",
            "objective_function_details": {
                "income_from_energy_eur": 5743.663614564362,
                "limit_zones": 0.0,
                "startups": 10.0,
                "total_income_eur": 5743.663614564362,
                "volume_exceedance_m3": 1.4551915228366852e-11,
                "volume_shortage_m3": 0
            },
            "power": [
                0.5577130845623162,
                3.691976724367664,
                0.9183677999900236,
                0.9253922851543408,
                0.9264147358139518,
                0.9387115145126581,
                0.9291093840937885,
                0.9301502501900545,
                0.9256886642883804,
                0.9233881826844722,
                0.9203208064766518,
                0.9298142956477256,
                0.0,
                0.0,
                0.0,
                0.0,
                0.0,
                0.0,
                0.0,
                0.0,
                0.0,
                0.0,
                0.0,
                0.0,
                4.6,
                0.0,
                0.0,
                0.0,
                4.6,
                0.0,
                0.0,
                0.0,
                4.6,
                0.0,
                0.0,
                0.0,
                4.6,
                4.6,
                4.6,
                4.244489074001034,
                0.818046791967685,
                0.8220605112073998,
                0.8329869539525461,
                0.8318206833596633,
                0.8324447211630022,
                0.8270225095504287,
                0.8269452268578981,
                0.8266089305561627,
                0.8306363541662436,
                0.8397142491086316,
                0.8314310147351773,
                0.8280863348348242,
                0.8285464830783555,
                0.8282466152976401,
                0.828165492699461,
                0.8338385095667449,
                0.0,
                0.0,
                0.0,
                0.0,
                0.0,
                0.0,
                0.0,
                0.0,
                0.0,
                0.0,
                0.0,
                0.0,
                4.6,
                0.0,
                0.0,
                0.0,
                4.6,
                0.0,
                0.0,
                0.0,
                4.6,
                0.0,
                0.0,
                0.0,
                4.6,
                4.6,
                4.6,
                4.255229517304857,
                0.8295642333356995,
                0.8302628749763549,
                0.8319626707360572,
                0.8273682475354386,
                0.8287319723474604,
                0.832040886081003,
                0.8329857934741536,
                0.8322993098186554,
                0.6988271467242302,
                0.0,
                0.0,
                0.0,
                4.6
            ],