{
    "configuration": {
        "avoid_limit_zones": false,
        "common_ratio": 0.6,
        "flow_smoothing": 0,
        "limit_zones_penalty": 0.0,
        "maximize_final_vol": false,
        "mode": "linear",
        "prob_below_half": 0.15,
        "random_biased_flows": false,
        "random_biased_sorting": false,
        "startups_penalty": 0.0,
        "volume_exceedance_bonus": 0.0,
        "volume_objectives": {},
        "volume_shortage_penalty": 0.0
    },
    "dams": [
        {
            "flows": [
                14.15,
                14.15,
                11.054896689441614,
                8.52099270963692,
                7.267010946621045,
                6.892779913001998,
                4.6768919358273955,
                3.0202943555734287,
                3.955728064938507,
                5.99649187633533,
                5.839699988875016,
                0.0,
                0.0,
                0.0,
                0.0,
                14.15,
                13.896081063571543,
                2.021099337273174e-15,
                2.021099337273174e-15,
                14.15,
                11.562340295944507,
                0.0,
                0.0,
                14.15,
                12.295274001531805,
                0.0,
                0.0,
                14.15,
                14.15,
                14.15,
                7.8181092433573225,
                14.15,
                14.15,
                14.15,
                14.15,
                14.15,
                14.15,
                14.15,
                14.15,
                4.533403794525802,
                4.746892685573428,
                4.526378537446444,
                4.52337393163692,
                4.5427218671924745,
                4.623721796970253,
                5.467441274525808,
                5.892904583001998,
                5.902642277128983,
                7.464906055700411,
                9.655125243605173,
                8.370104727922634,
                4.731621877128983,
                4.906056286398825,
                5.091362379414698,
                5.624662656335332,
                6.854045480779777,
                6.477144701351205,
                4.588909653033746,
                4.552022815319458,
                4.5680006161448485,
                7.515432444811522,
                10.633882119351203,
                7.843196506057615,
                3.4106051316484808e-15,
                3.4106051316484808e-15,
                0.0,
                0.0,
                14.15,
                14.15,
                14.15,
                1.4930011306290398,
                14.15,
                14.15,
                11.998964778085364,
                2.021099337273174e-15,
                14.15,
                14.15,
                4.4258582832460895,
                1.010549668636587e-15,
                14.15,
                14.15,
                4.591831514928626,
                3.031649005909761e-15,
                14.15,
                14.15,
                14.15,
                9.82480763560329,
                14.15,
                14.15,
                14.15,
                14.15,
                14.15,
                11.843336564480186,
                9.206120355224222,
                11.114412066271841,
                14.15,
                11.337960844689936
            ],
            "id": "dam1",
            "objective_function_details": {
                "income_from_energy_eur": 7111.592909771954,
                "limit_zones": 7.0,
                "startups": 12.0,
                "total_income_eur": 7111.592909771954,
                "volume_exceedance_m3": 77.50069884466939,
                "volume_shortage_m3": 0
            },
            "power": [
                1.8681508342497133,
                4.6,
                4.6,
                3.853937549558397,
                2.871360949958443,
                2.305612154964323,
                2.2585531627128264,
                1.5949443475926288,
                0.5288931269662311,
                1.1308620417891304,
                2.1458462838505508,
                2.1002010269136657,
                0.0,
                0.0,
                0.0,
                0.0,
                4.6,
                4.6,
                0.0,
                0.0,
                4.6,
                3.9992617748949053,
                0.0,
                0.0,
                4.6,
                4.209162976964508,
                0.0,
                0.0,
                4.6,
                4.6,
                4.6,
                2.4646362475606973,
                4.6,
                4.6,
                4.6,
                4.6,
                4.6,
                4.6,
                4.6,
                4.6,
                1.5026070714772524,
                1.6399911263643814,
                1.4980861884493315,
                1.4961526689700553,
                1.5086034237951567,
                1.5607283786058566,
                1.965880872251579,
                2.1193985608770083,
                2.1229121618506626,
                2.3304971686808904,
                3.4530640369010124,
                2.7840493650338853,
                1.630164078337633,
                1.7424158509696137,
                1.8301823018506638,
                2.0226102368220276,
                2.2536823658465583,
                2.20628765705614,
                1.5383261193133828,
                1.5145887561546507,
                1.5248707668709893,
                2.3368507864733052,
                3.7333653017860238,
                2.4791530344041255,
                0.0,
                0.0,
                0.0,
                0.0,
                4.6,
                4.6,
                4.6,
                0.018129821763754342,
                4.6,
                4.6,
                4.124304466963414,
                0.0,
                4.6,
                4.6,
                1.4333995433852174,
                0.0,
                4.6,
                4.6,
                1.540206391551287,
                0.0,
                4.6,
                4.6,
                4.6,
                3.501658524750238,
                4.6,
                4.6,
                4.6,
                4.6,
                4.6,
                4.07973488466334,
                3.2678112167870466,
                3.870981859354847,
                4.6
            ],