{
    "configuration": {
        "avoid_limit_zones": false,
        "common_ratio": 0.6,
        "flow_smoothing": 0,
        "limit_zones_penalty": 0.0,
        "maximize_final_vol": false,
        "mode": "linear",
        "prob_below_half": 0.15,
        "random_biased_flows": false,
        "random_biased_sorting": false,
        "startups_penalty": 0.0,
        "volume_exceedance_bonus": 0.0,
        "volume_objectives": {},
        "volume_shortage_penalty": 0.0
    },
    "dams": [
        {
            "flows": [
                14.15,
                14.15,
                14.15,
                14.15,
                14.15,
                14.15,
                14.15,
                14.15,
                14.15,
                14.15,
                14.15,
                14.15,
                12.940143990310387,
                10.717961075365077,
                0.22935637409522516,
                14.15,
                14.15,
                14.15,
                14.15,
                14.15,
                14.15,
                14.15,
                14.15,
                11.705152786158731,
                13.357338558888888,
                13.40433428584127,
                12.859306694507938,
                4.249250917968251,
                4.042198674546348e-15,
                0.0,
                0.0,
                14.15,
                14.15,
                11.989569921365069,
                1.010549668636587e-15,
                14.15,
                14.15,
                14.15,
                1.2529821738412699,
                14.15,
                14.15,
                12.597543515555552,
                7.963319799936501,
                14.15,
                14.15,
                14.15,
                14.15,
                14.15,
                14.15,
                14.15,
                14.15,
                13.560771037650795,
                11.644670722825396,
                8.134576294190476,
                4.151167352888888,
                6.088825541873017,
                9.121803453079362,
                2.6961149362452692e-15,
                0.0,
                0.0,
                0.0,
                0.0,
                0.0,
                14.15,
                7.063648012730157,
                0.0,
                0.0,
                14.15,
                14.15,
                0.9863450746031718,
                4.21193943920015e-15,
                13.774666786222221,
                8.233654320857141,
                0.0,
                0.0,
                14.15,
                14.15,
                14.15,
                14.15,
                12.15782239295238,
                8.152176397269841,
                4.8500560520317455,
                7.521178782603174,
                12.13180519647619,
                10.65688749104762,
                13.029996611428569,
                13.555592308095237,
                13.560721372412699,
                12.995482520126984,
                13.24438896888889,
                13.492201874888888,
                13.168936025301576,
                9.232618734761903,
                7.886343679365081,
                11.185560112857141,
                12.686267362984125,
                13.558803554063482
            ],
            "id": "dam1",
            "objective_function_details": {
                "income_from_energy_eur": 3548.492033735366,
                "limit_zones": 3.0,
                "startups": 10.0,
                "total_income_eur": 3548.492033735366,
                "volume_exceedance_m3": 1.4551915228366852e-11,
                "volume_shortage_m3": 0
            },
            "power": [
                4.3609076814566405,
                4.6,
                4.6,
                4.6,
                4.6,
                4.6,
                4.6,
                4.6,
                4.6,
                4.6,
                4.6,
                4.6,
                4.6,
                4.393844053563069,
                3.757444251630374,
                0.0,
                4.6,
                4.6,
                4.6,
                4.6,
                4.6,
                4.6,
                4.6,
                4.6,
                4.0401611265525,
                4.513322310292121,
                4.526781180452193,
                4.3706934665022725,
                1.3197494333221584,
                0.0,
                0.0,
                0.0,
                4.6,
                4.6,
                4.121613921142108,
                0.0,
                4.6,
                4.6,
                4.6,
                0.0,
                4.6,
                4.6,
                4.295728424642668,
                2.548662580862132,
                4.6,
                4.6,
                4.6,
                4.6,
                4.6,
                4.6,
                4.6,
                4.6,
                4.57158231594694,
                4.022839972264549,
                2.647760439896736,
                1.2566308428312745,
                2.157457104067865,
                3.219021099253788,
                0.0,
                0.0,
                0.0,
                0.0,
                0.0,
                0.0,
                4.6,
                2.280039570463074,
                0.0,
                0.0,
                4.6,
                4.6,
                0.0,
                0.0,
                4.6,
                2.7050921070128413,
                0.0,
                0.0,
                4.6,
                4.6,
                4.6,
                4.6,
                4.169798901268053,
                2.6579447692067077,
                1.7063786631130222,
                2.3375733798483034,
                4.1623479670659504,
                3.73995369461927,
                4.419576494352783,
                4.5700992056047385,
                4.571568092568894,
                4.409692177125568,
                4.480975244611371,
                4.551945137878976,
                4.459366655133314,
                3.2831445487667192,
                2.5041202189584464,
                3.8913575910060345,
                4.3211376016057805
            ],