{
    "configuration": {
        "avoid_limit_zones": false,
        "common_ratio": 0.6,
        "flow_smoothing": 0,
        "limit_zones_penalty": 0.0,
        "maximize_final_vol": false,
        "mode": "linear",
        "prob_below_half": 0.15,
        "random_biased_flows": false,
        "random_biased_sorting": false,
        "startups_penalty": 0.0,
        "volume_exceedance_bonus": 0.0,
        "volume_objectives": {},
        "volume_shortage_penalty": 0.0
    },
    "dams": [
        {
            "flows": [
                7.160302143702796,
                3.415678261461335,
                3.404067953080383,
                3.390025381656347,
                3.4090106631121295,
                3.821307561842288,
                3.3617143567311767,
                3.283845304699431,
                3.281645208381971,
                3.2857220600645105,
                1.4102809191243446,
                0.0,
                0.0,
                0.0,
                0.0,
                0.0,
                0.0,
                0.0,
                0.0,
                0.0,
                0.0,
                0.0,
                0.0,
                13.228027281972325,
                2.021099337273174e-15,
                0.0,
                0.0,
                13.091820630512009,
                0.0,
                0.0,
                0.0,
                14.15,
                14.15,
                14.15,
                11.755398121877091,
                3.0996603651438743,
                3.051655360794669,
                3.2164217614295896,
                3.530162717842288,
                3.018179841683558,
                3.243957339048637,
                3.2762760068581613,
                3.269915596953399,
                6.118562446823085e-17,
                6.118562446823085e-17,
                6.118562446823085e-17,
                6.118562446823085e-17,
                14.15,
                5.7105085187460345,
                3.3848993193026056,
                3.3842516121914943,
                0.0,
                0.0,
                0.0,
                0.0,
                14.15,
                7.717924180418807,
                3.884547938635939,
                3.883111629366097,
                0.0,
                0.0,
                0.0,
                0.0,
                7.800518914234445,
                0.0,
                0.0,
                0.0,
                0.0,
                0.0,
                0.0,
                0.0,
                14.15,
                0.7232985763532795,
                0.0,
                0.0,
                14.15,
                8.126126599813597,
                7.1079451467977295,
                0.0,
                14.15,
                14.15,
                14.15,
                14.15,
                5.925779366477202,
                4.482722972318479,
                3.861866732762923,
                3.9535842152391134,
                3.997275853143867,
                4.322740540858162,
                4.8199506962549865,
                5.077630465270859,
                5.3242602075565575,
                5.917385246254985,
                0.4609779104792485,
                0.0,
                14.15,
                3.468604705275422
            ],
            "id": "dam1",
            "objective_function_details": {
                "income_from_energy_eur": 5077.610967398302,
                "limit_zones": 2.0,
                "startups": 10.0,
                "total_income_eur": 5077.610967398302,
                "volume_exceedance_m3": 2.1827872842550278e-11,
                "volume_shortage_m3": 0
            },
            "power": [
                0.6839325448827162,
                2.2921936827410696,
                0.7833299923292868,
                0.775858543880432,
                0.7668218891214447,
                0.7790392693175288,
                1.0443599587781411,
                0.7486032203038614,
                0.6984930433019504,
                0.697077240579137,
                0.6997007701341051,
                0.0,
                0.0,
                0.0,
                0.0,
                0.0,
                0.0,
                0.0,
                0.0,
                0.0,
                0.0,
                0.0,
                0.0,
                0.0,
                4.476289503287848,
                0.0,
                0.0,
                0.0,
                4.437281964606726,
                0.0,
                0.0,
                0.0,
                4.6,
                4.6,
                4.6,
                4.054550635842729,
                0.5799666238657323,
                0.5490745145854579,
                0.6551047446236729,
                0.8570028600929551,
                0.5275323981204358,
                0.6728243987396337,
                0.69362205996891,
                0.6895290184098273,
                0.0,
                0.0,
                0.0,
                0.0,
                4.6,
                2.0535855480011453,
                0.7635231730697338,
                0.763106361549156,
                0.0,
                0.0,
                0.0,
                0.0,
                4.6,
                2.406663992040097,
                1.0850563123629398,
                1.084132020749478,
                0.0,
                0.0,
                0.0,
                0.0,
                2.4544575739671206,
                0.0,
                0.0,
                0.0,
                0.0,
                0.0,
                0.0,
                0.0,
                4.6,
                0.0,
                0.0,
                0.0,
                4.6,
                2.6428710100044963,
                2.285609868758996,
                0.0,
                4.6,
                4.6,
                4.6,
                4.6,
                2.131260596151568,
                1.469993023853093,
                1.0704605363613242,
                1.129482434806652,
                1.1575988129027657,
                1.367041366570763,
                1.6870053091640895,
                1.825227487468866,
                1.914217600664737,
                2.1282317898858185,
                0.0,
                0.0,
                4.6
            ],