{
    "time_step_minutes": 15,
    "datetime": {
        "start": null,
        "end_decisions": null
    },
    "dams": [
        {
            "id": "dam1",
            "order": 1,
            "vol_min": 34045.0,
            "vol_max": 70882.0,
            "relevant_lags": [
                1,
                2
            ],
            "verification_lags": [
                1
            ],
            "flow_max": 14.15,
            "flow_limit": {
                "exists": false
            },
            "turbined_flow": {
                "observed_flows": [
                    0.0,
                    1.43,
                    2.82,
                    4.98,
                    5.95,
                    7.62,
                    9.4,
                    13.66,
                    15.24
                ],
                "observed_powers": [
                    0.0,
                    0.0,
                    0.4,
                    1.79,
                    2.14,
                    2.35,
                    3.38,
                    4.6,
                    4.6
                ]
            },
            "startup_flows": [1.428571429, 7.619047619],
            "shutdown_flows": [1.428571429, 5.952380952],
            "initial_vol": null,
            "initial_lags": null,
            "unregulated_flow_max": 14.670018869093832,
            "unregulated_flows": null
        },
        {
            "id": "dam2",
            "order": 2,
            "vol_min": 17117.0,
            "vol_max": 58343.0,
            "relevant_lags": [
                3,
                4,
                5,
                6
            ],
            "verification_lags": [
                3,
                4,
                5
            ],
            "flow_max": 11.27,
            "flow_limit": {
                "exists": true,
                "observed_vols": [
                    0.0,
                    23810.0,
                    48371.0,
                    71429.0,
                    95238.0,
                    110476.0,
                    114286.0
                ],
                "observed_flows": [
                    0.424,
                    4.571,
                    8.062,
                    12.138,
                    16.186,
                    19.048,
                    19.048
                ]
            },
            "turbined_flow": {
                "observed_flows": [
                    0.0,
                    2.42,
                    4.52,
                    5.11,
                    7.29,
                    8.04,
                    11.28,
                    11.43
                ],
                "observed_powers": [
                    0.0,
                    0.0,
                    3.48,
                    3.48,
                    5.6,
                    5.6,
                    8.48,
                    8.48
                ]
            },
            "startup_flows": [2.423809524, 5.114285714, 8.038095238],
            "shutdown_flows": [2.423809524, 4.519047619, 7.285714286],
            "initial_vol": null,
            "initial_lags": null,
            "unregulated_flow_max": 5.701345855787728,
            "unregulated_flows": null
        }
    ],
    "incoming_flow_max": 15.55630069111111,
    "incoming_flows": null,
    "energy_prices": null
}